#{"t_start": 1785448560.7346563, "env_id": "None"}
r,l,t
99.95,1,4.702036
99.95,1,4.706029
99.95,1,4.707686
99.95,1,4.708784
99.95,1,4.709831
99.95,1,4.710727
99.95,1,4.711301
99.95,1,4.711883
99.95,1,4.712456
99.95,1,4.713017
99.95,1,4.71357
99.95,1,4.714066
99.95,1,4.714571
99.95,1,4.715051
99.95,1,4.715539
99.95,1,4.716014
99.95,1,4.716508
99.95,1,4.716986
99.95,1,4.717475
99.95,1,4.717966
99.95,1,4.718492
99.95,1,4.718989
99.95,1,4.719466
99.95,1,4.719949
99.95,1,4.720437
99.95,1,4.720922
99.95,1,4.721399
99.95,1,4.721895
99.95,1,4.72238
99.95,1,4.722869
99.95,1,4.723346
99.95,1,4.723844
99.95,1,4.724333
99.95,1,4.724811
99.95,1,4.725299
99.95,1,4.725775
99.95,1,4.726264
99.95,1,4.72674
99.95,1,4.72755
99.95,1,4.728048
99.95,1,4.728531
99.95,1,4.729012
99.95,1,4.729483
99.95,1,4.729948
99.95,1,4.730436
99.95,1,4.730917
99.95,1,4.731386
99.95,1,4.731856
99.95,1,4.732335
99.95,1,4.732821
99.95,1,4.733281
99.95,1,4.733736
99.95,1,4.734194
99.95,1,4.734771
99.95,1,4.735247
99.95,1,4.735707
99.95,1,4.73617
99.95,1,4.736641
99.95,1,4.737106
99.95,1,4.737565
99.95,1,4.738034
99.95,1,4.738497
99.95,1,4.738958
99.95,1,4.739426
99.95,1,4.739894
99.95,1,4.740374
99.95,1,4.740848
99.95,1,4.741318
99.95,1,4.741775
99.95,1,4.742234
99.95,1,4.742692
99.95,1,4.743164
99.95,1,4.743625
99.95,1,4.744094
99.95,1,4.744567
99.95,1,4.74503
99.95,1,4.745486
99.95,1,4.74595
99.95,1,4.746423
99.95,1,4.746886
99.95,1,4.747341
99.95,1,4.747794
99.95,1,4.748267
99.95,1,4.748738
99.95,1,4.749238
99.95,1,4.749775
99.95,1,4.7503
99.95,1,4.75076
99.95,1,4.751223
99.95,1,4.751693
99.95,1,4.752166
99.95,1,4.752624
99.95,1,4.753083
99.95,1,4.753541
99.95,1,4.753996
99.95,1,4.754471
99.95,1,4.754948
99.95,1,4.755403
99.95,1,4.75587
99.95,1,4.756347
99.95,1,4.756804
99.95,1,4.757281
99.95,1,4.757735
99.95,1,4.758196
99.95,1,4.758657
99.95,1,4.759134
99.95,1,4.759603
99.95,1,4.760064
99.95,1,4.760523
99.95,1,4.760996
99.95,1,4.761463
99.95,1,4.761916
99.95,1,4.762368
99.95,1,4.762828
99.95,1,4.763286
99.95,1,4.763739
99.95,1,4.764191
99.95,1,4.764744
99.95,1,4.765214
99.95,1,4.765673
99.95,1,4.766137
99.95,1,4.766604
99.95,1,4.76708
99.95,1,4.767547
99.95,1,4.768017
99.95,1,4.768483
99.95,1,4.768953
99.95,1,4.769436
99.95,1,4.769912
99.95,1,4.770373
99.95,1,4.770828
99.95,1,4.771294
99.95,1,4.771756
99.95,1,4.772215
99.95,1,4.77269
99.95,1,4.773167
99.95,1,4.773622
99.95,1,4.77411
99.95,1,4.774584
99.95,1,4.775056
99.95,1,4.77552
99.95,1,4.775998
99.95,1,4.776461
99.95,1,4.776919
99.95,1,4.777386
99.95,1,4.777855
99.95,1,4.778318
99.95,1,4.778776
99.95,1,4.779292
99.95,1,4.779758
99.95,1,4.780227
99.95,1,4.78069
99.95,1,4.78116
99.95,1,4.781614
99.95,1,4.782084
99.95,1,4.782553
99.95,1,4.783019
99.95,1,4.783486
99.95,1,4.783957
99.95,1,4.784421
99.95,1,4.78489
99.95,1,4.785356
99.95,1,4.785811
99.95,1,4.78627
99.95,1,4.786731
99.95,1,4.787191
99.95,1,4.787656
99.95,1,4.788118
99.95,1,4.788585
99.95,1,4.789053
99.95,1,4.789523
99.95,1,4.789992
99.95,1,4.790446
99.95,1,4.790917
99.95,1,4.791384
99.95,1,4.791853
99.95,1,4.79231
99.95,1,4.792765
99.95,1,4.793227
99.95,1,4.793688
99.95,1,4.794141
99.95,1,4.794593
99.95,1,4.79513
99.95,1,4.795599
99.95,1,4.79607
99.95,1,4.796539
99.95,1,4.796994
99.95,1,4.797458
99.95,1,4.797929
99.95,1,4.798385
99.95,1,4.798835
99.95,1,4.799301
99.95,1,4.799766
99.95,1,4.800224
99.95,1,4.800678
99.95,1,4.801134
99.95,1,4.801584
99.95,1,4.802035
99.95,1,4.802486
99.95,1,4.802947
99.95,1,4.803418
99.95,1,4.803877
99.95,1,4.804327
99.95,1,4.80479
99.95,1,4.805257
99.95,1,4.805718
99.95,1,4.806174
99.95,1,4.806628
99.95,1,4.807083
99.95,1,4.807555
99.95,1,4.808013
99.95,1,4.808479
99.95,1,4.808946
99.95,1,4.809402
99.95,1,4.809862
99.95,1,4.810317
99.95,1,4.810812
99.95,1,4.811279
99.95,1,4.81173
99.95,1,4.812192
99.95,1,4.812657
99.95,1,4.813112
99.95,1,4.813578
99.95,1,4.814039
99.95,1,4.814504
99.95,1,4.814955
99.95,1,4.830662
99.95,1,4.83119
99.95,1,4.831688
99.95,1,4.832162
99.95,1,4.832733
99.95,1,4.833319
99.95,1,4.833916
99.95,1,4.83451
99.95,1,4.835086
99.95,1,4.835582
99.95,1,4.836057
99.95,1,4.836578
99.95,1,4.837043
99.95,1,4.837509
99.95,1,4.83799
99.95,1,4.838511
99.95,1,4.838993
99.95,1,4.839494
99.95,1,4.839964
99.95,1,4.84044
99.95,1,4.840894
99.95,1,4.841401
99.95,1,4.841876
99.95,1,4.84235
99.95,1,4.842812
99.95,1,4.843299
99.95,1,4.843766
99.95,1,4.844221
99.95,1,4.844688
99.95,1,4.845139
99.95,1,4.845621
99.95,1,4.846095
99.95,1,4.846598
99.95,1,4.847062
99.95,1,4.84752
99.95,1,4.847986
99.95,1,4.848454
99.95,1,4.84896
99.95,1,4.849438
99.95,1,4.849966
99.95,1,4.85045
99.95,1,4.850924
99.95,1,4.851388
99.95,1,4.85186
99.95,1,4.852325
99.95,1,4.852785
99.95,1,4.853252
99.95,1,4.853716
99.95,1,4.854179
99.95,1,4.854671
99.95,1,4.855135
99.95,1,4.855613
99.95,1,4.856162
99.95,1,4.85673
99.95,1,4.85744
99.95,1,4.858072
99.95,1,4.858633
99.95,1,4.859322
99.95,1,4.859806
99.95,1,4.860276
99.95,1,4.86079
99.95,1,4.861255
99.95,1,4.861719
99.95,1,4.862255
99.95,1,4.862733
99.95,1,4.863206
99.95,1,4.863679
99.95,1,4.864174
99.95,1,4.864675
99.95,1,4.86516
99.95,1,4.865633
99.95,1,4.866096
99.95,1,4.866573
99.95,1,4.867044
99.95,1,4.867565
99.95,1,4.868049
99.95,1,4.868529
99.95,1,4.869021
99.95,1,4.869492
99.95,1,4.869943
99.95,1,4.870394
99.95,1,4.870853
99.95,1,4.871351
99.95,1,4.871821
99.95,1,4.872309
99.95,1,4.872884
99.95,1,4.873357
99.95,1,4.873827
99.95,1,4.874287
99.95,1,4.874759
99.95,1,4.875211
99.95,1,4.875659
99.95,1,4.876119
99.95,1,4.876585
99.95,1,4.877053
99.95,1,4.877504
99.95,1,4.877954
99.95,1,4.878413
99.95,1,4.878866
99.95,1,4.879324
99.95,1,4.879785
99.95,1,4.880257
99.95,1,4.880711
99.95,1,4.881175
99.95,1,4.881631
99.95,1,4.8821
99.95,1,4.882556
99.95,1,4.883008
99.95,1,4.883486
99.95,1,4.883953
99.95,1,4.884432
99.95,1,4.884883
99.95,1,4.885349
99.95,1,4.885803
99.95,1,4.88627
99.95,1,4.886734
99.95,1,4.887196
99.95,1,4.887666
99.95,1,4.888138
99.95,1,4.888612
99.95,1,4.889072
99.95,1,4.889533
99.95,1,4.89002
99.95,1,4.890512
99.95,1,4.890962
99.95,1,4.891421
99.95,1,4.891886
99.95,1,4.89235
99.95,1,4.892816
99.95,1,4.893264
99.95,1,4.893711
99.95,1,4.894158
99.95,1,4.894627
99.95,1,4.895088
99.95,1,4.895552
99.95,1,4.895999
99.95,1,4.896446
99.95,1,4.896897
99.95,1,4.897349
99.95,1,4.897798
99.95,1,4.898251
99.95,1,4.898709
99.95,1,4.899158
99.95,1,4.899624
99.95,1,4.90009
99.95,1,4.900541
99.95,1,4.900991
99.95,1,4.901439
99.95,1,4.901893
99.95,1,4.902354
99.95,1,4.902818
99.95,1,4.903362
99.95,1,4.903845
99.95,1,4.90432
99.95,1,4.904793
99.95,1,4.905247
99.95,1,4.905706
99.95,1,4.90616
99.95,1,4.906613
99.95,1,4.907066
99.95,1,4.907537
99.95,1,4.907999
99.95,1,4.908463
99.95,1,4.908914
99.95,1,4.909369
99.95,1,4.909835
99.95,1,4.910305
99.95,1,4.910779
99.95,1,4.91123
99.95,1,4.91168
99.95,1,4.912139
99.95,1,4.912604
99.95,1,4.913059
99.95,1,4.91351
99.95,1,4.913958
99.95,1,4.914419
99.95,1,4.914921
99.95,1,4.915377
99.95,1,4.915839
99.95,1,4.916301
99.95,1,4.916754
99.95,1,4.917217
99.95,1,4.917682
99.95,1,4.918133
99.95,1,4.918586
99.95,1,4.919093
99.95,1,4.919544
99.95,1,4.919992
99.95,1,4.92045
99.95,1,4.920909
99.95,1,4.921376
99.95,1,4.92183
99.95,1,4.922278
99.95,1,4.922729
99.95,1,4.923176
99.95,1,4.923622
99.95,1,4.92407
99.95,1,4.924552
99.95,1,4.925015
99.95,1,4.925475
99.95,1,4.925943
99.95,1,4.926398
99.95,1,4.926853
99.95,1,4.927319
99.95,1,4.927784
99.95,1,4.928244
99.95,1,4.92871
99.95,1,4.929159
99.95,1,4.929609
99.95,1,4.930064
99.95,1,4.930524
99.95,1,4.930984
99.95,1,4.931454
99.95,1,4.931907
99.95,1,4.932356
99.95,1,4.932827
99.95,1,4.933292
99.95,1,4.933742
99.95,1,4.934191
99.95,1,4.934653
99.95,1,4.935163
99.95,1,4.935615
99.95,1,4.936064
99.95,1,4.936512
99.95,1,4.936971
99.95,1,4.937425
99.95,1,4.937873
99.95,1,4.93832
99.95,1,4.93877
99.95,1,4.939289
99.95,1,4.93976
99.95,1,4.940247
99.95,1,4.940722
99.95,1,4.941177
99.95,1,4.941631
99.95,1,4.942094
99.95,1,4.942549
99.95,1,4.943002
99.95,1,4.943453
99.95,1,4.943908
99.95,1,4.944389
99.95,1,4.944851
99.95,1,4.945313
99.95,1,4.945763
99.95,1,4.946218
99.95,1,4.946672
99.95,1,4.94712
99.95,1,4.947577
99.95,1,4.948039
99.95,1,4.948498
99.95,1,4.948958
99.95,1,4.949426
99.95,1,4.94992
99.95,1,4.95038
99.95,1,4.950845
99.95,1,4.951293
99.95,1,4.951745
99.95,1,4.952206
99.95,1,4.952672
99.95,1,4.953121
99.95,1,4.953581
99.95,1,4.954048
99.95,1,4.95451
99.95,1,4.954965
99.95,1,4.955413
99.95,1,4.955876
99.95,1,4.956342
99.95,1,4.956794
99.95,1,4.957258
99.95,1,4.957717
99.95,1,4.958183
99.95,1,4.958631
99.95,1,4.959085
99.95,1,4.959543
99.95,1,4.960007
99.95,1,4.96046
99.95,1,4.960926
99.95,1,4.961388
99.95,1,4.961844
99.95,1,4.962295
99.95,1,4.962747
99.95,1,4.963212
99.95,1,4.96368
99.95,1,4.96413
99.95,1,4.964579
99.95,1,4.965033
99.95,1,4.965558
99.95,1,4.966037
99.95,1,4.966511
99.95,1,4.966975
99.95,1,4.967436
99.95,1,4.96789
99.95,1,4.968342
99.95,1,4.968793
99.95,1,4.96924
99.95,1,4.969692
99.95,1,4.970143
99.95,1,4.970595
99.95,1,4.971047
99.95,1,4.971496
99.95,1,4.971962
99.95,1,4.97243
99.95,1,4.972883
99.95,1,4.973343
99.95,1,4.973805
99.95,1,4.974252
99.95,1,4.974704
99.95,1,4.975173
99.95,1,4.975621
99.95,1,4.976069
99.95,1,4.97652
99.95,1,4.976985
99.95,1,4.97745
99.95,1,4.97791
99.95,1,4.97837
99.95,1,4.97882
99.95,1,4.979268
99.95,1,4.97972
99.95,1,4.980232
99.95,1,4.980689
99.95,1,4.981139
99.95,1,4.981607
99.95,1,4.982059
99.95,1,4.982507
99.95,1,4.982957
99.95,1,4.983404
99.95,1,4.983858
99.95,1,4.984308
99.95,1,4.984771
99.95,1,4.985233
99.95,1,4.985682
99.95,1,4.98613
99.95,1,4.986577
99.95,1,4.987026
99.95,1,4.987476
99.95,1,4.987926
99.95,1,4.988372
99.95,1,4.988822
99.95,1,4.989269
99.95,1,4.989715
99.95,1,4.990177
99.95,1,4.990655
99.95,1,4.991107
99.95,1,4.991556
99.95,1,4.992008
99.95,1,4.992456
99.95,1,4.992908
99.95,1,4.993361
99.95,1,4.993812
99.95,1,4.994259
99.95,1,4.994707
99.95,1,4.99517
99.95,1,4.995631
99.95,1,4.996188
99.95,1,4.996662
99.95,1,4.997128
99.95,1,4.997583
99.95,1,4.998036
99.95,1,4.998498
99.95,1,4.998959
99.95,1,4.999412
99.95,1,4.999861
99.95,1,5.00031
99.95,1,5.000761
99.95,1,5.001219
99.95,1,5.001669
99.95,1,5.002118
99.95,1,5.00257
99.95,1,5.003033
99.95,1,5.0035
99.95,1,5.003949
99.95,1,5.004424
99.95,1,5.00489
99.95,1,5.005342
99.95,1,5.005807
99.95,1,5.006269
99.95,1,5.006718
99.95,1,5.007168
99.95,1,5.007638
99.95,1,5.008101
99.95,1,5.008564
99.95,1,5.009016
99.95,1,5.009462
99.95,1,5.009909
99.95,1,5.010371
99.95,1,5.010835
99.95,1,5.011287
99.95,1,5.011788
99.95,1,5.012239
99.95,1,5.012688
99.95,1,5.013138
99.95,1,5.013587
99.95,1,5.014041
99.95,1,5.014591
99.95,1,5.015063
99.95,1,5.015509
99.95,1,5.015958
99.95,1,5.016408
99.95,1,5.016865
99.95,1,5.017315
99.95,1,5.017773
99.95,1,5.018232
99.95,1,5.018677
99.95,1,5.01913
99.95,1,5.019581
99.95,1,5.020052
99.95,1,5.020512
99.95,1,5.020962
99.95,1,5.02141
99.95,1,5.021865
99.95,1,5.022315
99.95,1,5.022761
99.95,1,5.023229
99.95,1,5.023699
99.95,1,5.024151
99.95,1,5.024599
99.95,1,5.025051
99.95,1,5.0255
99.95,1,5.025949
99.95,1,5.026402
99.95,1,5.02685
99.95,1,5.027303
99.95,1,5.0278
99.95,1,5.028247
99.95,1,5.028703
99.95,1,5.029173
99.95,1,5.029623
99.95,1,5.030071
99.95,1,5.030519
99.95,1,5.03097
99.95,1,5.031431
99.95,1,5.031896
99.95,1,5.032346
99.95,1,5.032805
99.95,1,5.033269
99.95,1,5.033716
99.95,1,5.034181
99.95,1,5.034644
99.95,1,5.035116
99.95,1,5.035575
99.95,1,5.036027
99.95,1,5.036475
99.95,1,5.036923
99.95,1,5.037384
99.95,1,5.037844
99.95,1,5.038313
99.95,1,5.038764
99.95,1,5.039221
99.95,1,5.039675
99.95,1,5.040143
99.95,1,5.040591
99.95,1,5.041044
99.95,1,5.041502
99.95,1,5.041955
99.95,1,5.042404
99.95,1,5.042851
99.95,1,5.043335
99.95,1,5.043906
99.95,1,5.044364
99.95,1,5.044879
99.95,1,5.045366
99.95,1,5.045854
99.95,1,5.046315
99.95,1,5.04679
99.95,1,5.047256
99.95,1,5.047722
99.95,1,5.04818
99.95,1,5.048642
99.95,1,5.049129
99.95,1,5.049576
99.95,1,5.050041
99.95,1,5.050513
99.95,1,5.050962
99.95,1,5.05143
99.95,1,5.051905
99.95,1,5.052387
99.95,1,5.052868
99.95,1,5.053318
99.95,1,5.053765
99.95,1,5.054213
99.95,1,5.054658
99.95,1,5.055111
99.95,1,5.05557
99.95,1,5.056032
99.95,1,5.056494
99.95,1,5.056961
99.95,1,5.05742
99.95,1,5.057885
99.95,1,5.058347
99.95,1,5.058814
99.95,1,5.059338
99.95,1,5.059788
99.95,1,5.060252
99.95,1,5.060719
99.95,1,5.061172
99.95,1,5.061621
99.95,1,5.062078
99.95,1,5.062539
99.95,1,5.062986
99.95,1,5.063442
99.95,1,5.0639
99.95,1,5.064381
99.95,1,5.06485
99.95,1,5.065315
99.95,1,5.065767
99.95,1,5.066219
99.95,1,5.066669
99.95,1,5.067121
99.95,1,5.067575
99.95,1,5.068029
99.95,1,5.068489
99.95,1,5.068952
99.95,1,5.069404
99.95,1,5.069852
99.95,1,5.070302
99.95,1,5.070752
99.95,1,5.071203
99.95,1,5.07165
99.95,1,5.072114
99.95,1,5.072578
99.95,1,5.073037
99.95,1,5.073501
99.95,1,5.073976
99.95,1,5.074438
99.95,1,5.074942
99.95,1,5.075393
99.95,1,5.07584
99.95,1,5.076288
99.95,1,5.076746
99.95,1,5.077214
99.95,1,5.077673
99.95,1,5.078135
99.95,1,5.078583
99.95,1,5.079034
99.95,1,5.079498
99.95,1,5.079966
99.95,1,5.080415
99.95,1,5.080864
99.95,1,5.08132
99.95,1,5.08177
99.95,1,5.082217
99.95,1,5.082674
99.95,1,5.083138
99.95,1,5.083586
99.95,1,5.084032
99.95,1,5.084484
99.95,1,5.084932
99.95,1,5.085382
99.95,1,5.085829
99.95,1,5.086281
99.95,1,5.086731
99.95,1,5.087195
99.95,1,5.087656
99.95,1,5.088104
99.95,1,5.088555
99.95,1,5.089008
99.95,1,5.08946
99.95,1,5.089906
99.95,1,5.090352
99.95,1,5.090939
99.95,1,5.091408
99.95,1,5.091874
99.95,1,5.092335
99.95,1,5.092798
99.95,1,5.093252
99.95,1,5.093707
99.95,1,5.094168
99.95,1,5.094629
99.95,1,5.095104
99.95,1,5.09557
99.95,1,5.096037
99.95,1,5.096515
99.95,1,5.096972
99.95,1,5.097439
99.95,1,5.097902
99.95,1,5.098351
99.95,1,5.098809
99.95,1,5.09938
99.95,1,5.099876
99.95,1,5.100334
99.95,1,5.100795
99.95,1,5.101263
99.95,1,5.101712
99.95,1,5.102168
99.95,1,5.102619
99.95,1,5.103079
99.95,1,5.103543
99.95,1,5.103991
99.95,1,5.104437
99.95,1,5.104888
99.95,1,5.10534
99.95,1,5.105788
99.95,1,5.106247
99.95,1,5.106778
99.95,1,5.107235
99.95,1,5.107693
99.95,1,5.108172
99.95,1,5.108669
99.95,1,5.109134
99.95,1,5.109598
99.95,1,5.11006
99.95,1,5.110507
99.95,1,5.110963
99.95,1,5.111431
99.95,1,5.111881
99.95,1,5.112328
99.95,1,5.112776
99.95,1,5.11323
99.95,1,5.113681
99.95,1,5.114129
99.95,1,5.114577
99.95,1,5.115028
99.95,1,5.115483
99.95,1,5.115931
99.95,1,5.116398
99.95,1,5.116862
99.95,1,5.117325
99.95,1,5.117786
99.95,1,5.118239
99.95,1,5.118702
99.95,1,5.11916
99.95,1,5.119625
99.95,1,5.120076
99.95,1,5.120528
99.95,1,5.120975
99.95,1,5.121427
99.95,1,5.121873
99.95,1,5.122318
99.95,1,5.122818
99.95,1,5.123269
99.95,1,5.123743
99.95,1,5.124199
99.95,1,5.124684
99.95,1,5.125232
99.95,1,5.125688
99.95,1,5.12614
99.95,1,5.126589
99.95,1,5.127043
99.95,1,5.127495
99.95,1,5.127942
99.95,1,5.1284
99.95,1,5.128868
99.95,1,5.129324
99.95,1,5.129775
99.95,1,5.130223
99.95,1,5.130674
99.95,1,5.131125
99.95,1,5.131576
99.95,1,5.132023
99.95,1,5.132473
99.95,1,5.132943
99.95,1,5.133397
99.95,1,5.133845
99.95,1,5.134293
99.95,1,5.134751
99.95,1,5.135216
99.95,1,5.13567
99.95,1,5.136121
99.95,1,5.136569
99.95,1,5.137023
99.95,1,5.137477
99.95,1,5.137926
99.95,1,5.139161
99.95,1,5.139638
99.95,1,5.140084
99.95,1,5.140533
99.95,1,5.140982
99.95,1,5.141433
99.95,1,5.14188
99.95,1,5.142326
99.95,1,5.142772
99.95,1,5.143221
99.95,1,5.143672
99.95,1,5.144119
99.95,1,5.144565
99.95,1,5.145034
99.95,1,5.145494
99.95,1,5.14596
99.95,1,5.146418
99.95,1,5.146876
99.95,1,5.147339
99.95,1,5.147797
99.95,1,5.148262
99.95,1,5.148711
99.95,1,5.149159
99.95,1,5.149619
99.95,1,5.15008
99.95,1,5.150531
99.95,1,5.152182
99.95,1,5.152719
99.95,1,5.153229
99.95,1,5.153776
99.95,1,5.154245
99.95,1,5.154709
99.95,1,5.155214
99.95,1,5.155688
99.95,1,5.156182
99.95,1,5.156643
99.95,1,5.157119
99.95,1,5.157604
99.95,1,5.158085
99.95,1,5.158543
99.95,1,5.158997
99.95,1,5.159472
99.95,1,5.15995
99.95,1,5.160408
99.95,1,5.160885
99.95,1,5.161362
99.95,1,5.16183
99.95,1,5.162297
99.95,1,5.162751
99.95,1,5.163223
99.95,1,5.163698
99.95,1,5.164157
99.95,1,5.164623
99.95,1,5.165096
99.95,1,5.165561
99.95,1,5.166018
99.95,1,5.166477
99.95,1,5.166936
99.95,1,5.167406
99.95,1,5.167871
99.95,1,5.168326
99.95,1,5.16879
99.95,1,5.169262
99.95,1,5.169768
99.95,1,5.170277
99.95,1,5.170749
99.95,1,5.171214
99.95,1,5.171671
99.95,1,5.172124
99.95,1,5.172589
99.95,1,5.173056
99.95,1,5.173528
99.95,1,5.173994
99.95,1,5.174454
99.95,1,5.17492
99.95,1,5.175389
99.95,1,5.175853
99.95,1,5.176317
99.95,1,5.176771
99.95,1,5.177235
99.95,1,5.177696
99.95,1,5.178164
99.95,1,5.178627
99.95,1,5.17909
99.95,1,5.179569
99.95,1,5.180034
99.95,1,5.180499
99.95,1,5.180961
99.95,1,5.181429
99.95,1,5.181896
99.95,1,5.182356
99.95,1,5.182825
99.95,1,5.183296
99.95,1,5.183749
99.95,1,5.184206
99.95,1,5.184751
99.95,1,5.185222
99.95,1,5.185688
99.95,1,5.186148
99.95,1,5.186624
99.95,1,5.187091
99.95,1,5.187562
99.95,1,5.188034
99.95,1,5.188505
99.95,1,5.188958
99.95,1,5.189426
99.95,1,5.189899
99.95,1,5.190374
99.95,1,5.190839
99.95,1,5.191313
99.95,1,5.191827
99.95,1,5.192294
99.95,1,5.192765
99.95,1,5.193278
99.95,1,5.193743
99.95,1,5.194211
99.95,1,5.194682
99.95,1,5.195149
99.95,1,5.195621
99.95,1,5.196099
99.95,1,5.196574
99.95,1,5.197029
99.95,1,5.197485
99.95,1,5.197939
99.95,1,5.198389
99.95,1,5.198857
99.95,1,5.199322
99.95,1,5.199877
99.95,1,5.200428
99.95,1,5.20091
99.95,1,5.201376
99.95,1,5.201833
99.95,1,5.20229
99.95,1,5.202755
99.95,1,5.203212
99.95,1,5.20367
99.95,1,5.204149
99.95,1,5.204622
99.95,1,5.20509
99.95,1,5.20556
99.95,1,5.206013
99.95,1,5.206466
99.95,1,5.206932
99.95,1,5.207393
99.95,1,5.207853
99.95,1,5.208309
99.95,1,5.20876
99.95,1,5.209229
99.95,1,5.209701
99.95,1,5.210155
99.95,1,5.210608
99.95,1,5.21106
99.95,1,5.211525
99.95,1,5.211995
99.95,1,5.212463
99.95,1,5.212917
99.95,1,5.213372
99.95,1,5.213832
99.95,1,5.214322
99.95,1,5.214795
99.95,1,5.215254
99.95,1,5.215869
99.95,1,5.216381
99.95,1,5.216862
99.95,1,5.217329
99.95,1,5.217802
99.95,1,5.218259
99.95,1,5.21874
99.95,1,5.219212
99.95,1,5.219679
99.95,1,5.220141
99.95,1,5.220633
99.95,1,5.221092
99.95,1,5.22155
99.95,1,5.222017
99.95,1,5.222481
99.95,1,5.222946
99.95,1,5.22341
99.95,1,5.223878
99.95,1,5.224344
99.95,1,5.224796
99.95,1,5.225268
99.95,1,5.225737
99.95,1,5.226202
99.95,1,5.226661
99.95,1,5.227117
99.95,1,5.227587
99.95,1,5.228051
99.95,1,5.228512
99.95,1,5.22898
99.95,1,5.229441
99.95,1,5.229894
99.95,1,5.230426
99.95,1,5.230983
99.95,1,5.231458
99.95,1,5.231917
99.95,1,5.232381
99.95,1,5.232847
99.95,1,5.2333
99.95,1,5.233774
99.95,1,5.234245
99.95,1,5.234697
99.95,1,5.235159
99.95,1,5.235626
99.95,1,5.236085
99.95,1,5.236545
99.95,1,5.237041
99.95,1,5.237504
99.95,1,5.23796
99.95,1,5.238426
99.95,1,5.238893
99.95,1,5.239343
99.95,1,5.23981
99.95,1,5.240272
99.95,1,5.240741
99.95,1,5.241193
99.95,1,5.241648
99.95,1,5.242108
99.95,1,5.242564
99.95,1,5.243017
99.95,1,5.24347
99.95,1,5.243956
99.95,1,5.244428
99.95,1,5.244909
99.95,1,5.245373
99.95,1,5.245837
99.95,1,5.24634
99.95,1,5.246791
99.95,1,5.247243
99.95,1,5.247705
99.95,1,5.248159
99.95,1,5.248612
99.95,1,5.249075
99.95,1,5.249551
99.95,1,5.250006
99.95,1,5.250459
99.95,1,5.250911
99.95,1,5.251379
99.95,1,5.251849
99.95,1,5.252302
99.95,1,5.252754
99.95,1,5.253223
99.95,1,5.253695
99.95,1,5.254159
99.95,1,5.254625
99.95,1,5.255077
99.95,1,5.255532
99.95,1,5.255999
99.95,1,5.256465
99.95,1,5.256917
99.95,1,5.257384
99.95,1,5.257849
99.95,1,5.258312
99.95,1,5.258764
99.95,1,5.259218
99.95,1,5.25969
99.95,1,5.260157
99.95,1,5.260619
99.95,1,5.261086
99.95,1,5.261737
99.95,1,5.262422
99.95,1,5.263087
99.95,1,5.264575
99.95,1,5.265189
99.95,1,5.265793
99.95,1,5.266318
99.95,1,5.266841
99.95,1,5.267326
99.95,1,5.26786
99.95,1,5.268335
99.95,1,5.268823
99.95,1,5.269289
99.95,1,5.269782
99.95,1,5.27026
99.95,1,5.270729
99.95,1,5.271183
99.95,1,5.271657
99.95,1,5.27212
99.95,1,5.272577
99.95,1,5.273029
99.95,1,5.273483
99.95,1,5.273976
99.95,1,5.274447
99.95,1,5.274929
99.95,1,5.27539
99.95,1,5.275862
99.95,1,5.276327
99.95,1,5.276828
99.95,1,5.277341
99.95,1,5.277827
99.95,1,5.278303
99.95,1,5.278762
99.95,1,5.279241
99.95,1,5.279718
99.95,1,5.28019
99.95,1,5.280645
99.95,1,5.281098
99.95,1,5.281551
99.95,1,5.282011
99.95,1,5.282478
99.95,1,5.282939
99.95,1,5.2834
99.95,1,5.283863
99.95,1,5.284327
99.95,1,5.284792
99.95,1,5.285261
99.95,1,5.285716
99.95,1,5.286177
99.95,1,5.28664
99.95,1,5.287093
99.95,1,5.287552
99.95,1,5.288007
99.95,1,5.288462
99.95,1,5.288922
99.95,1,5.289376
99.95,1,5.289833
99.95,1,5.290288
99.95,1,5.290761
99.95,1,5.291214
99.95,1,5.29167
99.95,1,5.292129
99.95,1,5.292626
99.95,1,5.293086
99.95,1,5.293548
99.95,1,5.294022
99.95,1,5.294478
99.95,1,5.29494
99.95,1,5.295405
99.95,1,5.295861
99.95,1,5.296325
99.95,1,5.296797
99.95,1,5.297259
99.95,1,5.297719
99.95,1,5.298172
99.95,1,5.29863
99.95,1,5.299089
99.95,1,5.299544
99.95,1,5.299999
99.95,1,5.30045
99.95,1,5.300902
99.95,1,5.301354
99.95,1,5.301814
99.95,1,5.30227
99.95,1,5.302734
99.95,1,5.303198
99.95,1,5.303652
99.95,1,5.304108
99.95,1,5.304581
99.95,1,5.305034
99.95,1,5.305486
99.95,1,5.305944
99.95,1,5.306401
99.95,1,5.306854
99.95,1,5.307322
99.95,1,5.307789
99.95,1,5.308261
99.95,1,5.308778
99.95,1,5.309248
99.95,1,5.309721
99.95,1,5.310178
99.95,1,5.310633
99.95,1,5.311085
99.95,1,5.311536
99.95,1,5.311999
99.95,1,5.312463
99.95,1,5.312928
99.95,1,5.31338
99.95,1,5.313834
99.95,1,5.314284
99.95,1,5.314735
99.95,1,5.315196
99.95,1,5.315661
99.95,1,5.316117
99.95,1,5.31657
99.95,1,5.31702
99.95,1,5.317471
99.95,1,5.317937
99.95,1,5.318405
99.95,1,5.318858
99.95,1,5.319309
99.95,1,5.319774
99.95,1,5.320238
99.95,1,5.320688
99.95,1,5.321142
99.95,1,5.321594
99.95,1,5.322059
99.95,1,5.322522
99.95,1,5.322972
99.95,1,5.323425
99.95,1,5.323894
99.95,1,5.324547
99.95,1,5.32591
99.95,1,5.326403
99.95,1,5.326909
99.95,1,5.327377
99.95,1,5.327843
99.95,1,5.328307
99.95,1,5.328773
99.95,1,5.329229
99.95,1,5.329687
99.95,1,5.330151
99.95,1,5.330605
99.95,1,5.331059
99.95,1,5.331531
99.95,1,5.332012
99.95,1,5.332461
99.95,1,5.332918
99.95,1,5.33337
99.95,1,5.333834
99.95,1,5.334296
99.95,1,5.334743
99.95,1,5.335223
99.95,1,5.335679
99.95,1,5.336128
99.95,1,5.336574
99.95,1,5.337019
99.95,1,5.337469
99.95,1,5.337933
99.95,1,5.338392
99.95,1,5.338836
99.95,1,5.339356
99.95,1,5.339813
99.95,1,5.34026
99.95,1,5.340721
99.95,1,5.341175
99.95,1,5.341625
99.95,1,5.342071
99.95,1,5.342526
99.95,1,5.342983
99.95,1,5.343428
99.95,1,5.343882
99.95,1,5.344334
99.95,1,5.34478
99.95,1,5.345228
99.95,1,5.345685
99.95,1,5.346134
99.95,1,5.346582
99.95,1,5.347057
99.95,1,5.347516
99.95,1,5.347966
99.95,1,5.348413
99.95,1,5.348864
99.95,1,5.349311
99.95,1,5.349759
99.95,1,5.350212
99.95,1,5.350662
99.95,1,5.351125
99.95,1,5.351586
99.95,1,5.352051
99.95,1,5.352496
99.95,1,5.352942
99.95,1,5.35339
99.95,1,5.353844
99.95,1,5.35429
99.95,1,5.354737
99.95,1,5.355377
99.95,1,5.355964
99.95,1,5.356452
99.95,1,5.356914
99.95,1,5.357391
99.95,1,5.357874
99.95,1,5.358332
99.95,1,5.358782
99.95,1,5.359243
99.95,1,5.359712
99.95,1,5.36017
99.95,1,5.360619
99.95,1,5.361064
99.95,1,5.361508
99.95,1,5.361969
99.95,1,5.362436
99.95,1,5.362885
99.95,1,5.363329
99.95,1,5.363777
99.95,1,5.364231
99.95,1,5.364701
99.95,1,5.365151
99.95,1,5.365603
99.95,1,5.36607
99.95,1,5.366533
99.95,1,5.366981
99.95,1,5.367431
99.95,1,5.367883
99.95,1,5.368337
99.95,1,5.368811
99.95,1,5.369265
99.95,1,5.369717
99.95,1,5.370183
99.95,1,5.37066
99.95,1,5.371157
99.95,1,5.371604
99.95,1,5.372052
99.95,1,5.372497
99.95,1,5.37294
99.95,1,5.373385
99.95,1,5.373849
99.95,1,5.374312
99.95,1,5.374756
99.95,1,5.375199
99.95,1,5.375645
99.95,1,5.3761
99.95,1,5.376546
99.95,1,5.376991
99.95,1,5.377437
99.95,1,5.377892
99.95,1,5.37834
99.95,1,5.378785
99.95,1,5.379229
99.95,1,5.379676
99.95,1,5.380129
99.95,1,5.380576
99.95,1,5.381022
99.95,1,5.38147
99.95,1,5.381923
99.95,1,5.382368
99.95,1,5.382813
99.95,1,5.383258
99.95,1,5.383714
99.95,1,5.384167
99.95,1,5.384615
99.95,1,5.385061
99.95,1,5.385505
99.95,1,5.385961
99.95,1,5.386407
99.95,1,5.386983
99.95,1,5.387455
99.95,1,5.387923
99.95,1,5.388377
99.95,1,5.38883
99.95,1,5.389291
99.95,1,5.389746
99.95,1,5.390196
99.95,1,5.390641
99.95,1,5.391097
99.95,1,5.391578
99.95,1,5.392064
99.95,1,5.39251
99.95,1,5.392956
99.95,1,5.393409
99.95,1,5.393859
99.95,1,5.394305
99.95,1,5.394749
99.95,1,5.395219
99.95,1,5.395682
99.95,1,5.396141
99.95,1,5.396589
99.95,1,5.397037
99.95,1,5.397483
99.95,1,5.397931
99.95,1,5.398383
99.95,1,5.398829
99.95,1,5.399274
99.95,1,5.399728
99.95,1,5.400178
99.95,1,5.400634
99.95,1,5.401092
99.95,1,5.401537
99.95,1,5.401983
99.95,1,5.402476
99.95,1,5.402962
99.95,1,5.403415
99.95,1,5.403866
99.95,1,5.40431
99.95,1,5.404755
99.95,1,5.4052
99.95,1,5.405652
99.95,1,5.406103
99.95,1,5.406548
99.95,1,5.407011
99.95,1,5.407455
99.95,1,5.407912
99.95,1,5.408362
99.95,1,5.408808
99.95,1,5.409252
99.95,1,5.409696
99.95,1,5.410156
99.95,1,5.410604
99.95,1,5.411049
99.95,1,5.411493
99.95,1,5.411942
99.95,1,5.41239
99.95,1,5.412834
99.95,1,5.413278
99.95,1,5.413722
99.95,1,5.414171
99.95,1,5.414619
99.95,1,5.415065
99.95,1,5.415508
99.95,1,5.415956
99.95,1,5.416428
99.95,1,5.416888
99.95,1,5.417342
99.95,1,5.41779
99.95,1,5.418279
99.95,1,5.418737
99.95,1,5.41919
99.95,1,5.419638
99.95,1,5.420086
99.95,1,5.420541
99.95,1,5.421
99.95,1,5.421454
99.95,1,5.421907
99.95,1,5.422352
99.95,1,5.422796
99.95,1,5.423243
99.95,1,5.423709
99.95,1,5.424159
99.95,1,5.424629
99.95,1,5.425076
99.95,1,5.425524
99.95,1,5.425973
99.95,1,5.426416
99.95,1,5.426861
99.95,1,5.427313
99.95,1,5.427762
99.95,1,5.42821
99.95,1,5.428656
99.95,1,5.4291
99.95,1,5.429545
99.95,1,5.429998
99.95,1,5.430445
99.95,1,5.430897
99.95,1,5.431346
99.95,1,5.431794
99.95,1,5.432249
99.95,1,5.432697
99.95,1,5.433152
99.95,1,5.433613
99.95,1,5.434086
99.95,1,5.434532
99.95,1,5.434978
99.95,1,5.435422
99.95,1,5.435867
99.95,1,5.436313
99.95,1,5.436758
99.95,1,5.437205
99.95,1,5.437649
99.95,1,5.438103
99.95,1,5.438552
99.95,1,5.438998
99.95,1,5.439455
99.95,1,5.439913
99.95,1,5.440391
99.95,1,5.44084
99.95,1,5.441284
99.95,1,5.441735
99.95,1,5.442186
99.95,1,5.44263
99.95,1,5.443074
99.95,1,5.44353
99.95,1,5.443993
99.95,1,5.444443
99.95,1,5.444902
99.95,1,5.44536
99.95,1,5.445806
99.95,1,5.446259
99.95,1,5.446707
99.95,1,5.447162
99.95,1,5.447621
99.95,1,5.448067
99.95,1,5.44851
99.95,1,5.448957
99.95,1,5.449403
99.95,1,5.449901
99.95,1,5.450355
99.95,1,5.450804
99.95,1,5.451248
99.95,1,5.451694
99.95,1,5.452147
99.95,1,5.452594
99.95,1,5.453038
99.95,1,5.453494
99.95,1,5.453959
99.95,1,5.454413
99.95,1,5.45487
99.95,1,5.455353
99.95,1,5.455811
99.95,1,5.456281
99.95,1,5.456727
99.95,1,5.457181
99.95,1,5.457633
99.95,1,5.458097
99.95,1,5.458549
99.95,1,5.458994
99.95,1,5.459439
99.95,1,5.459897
99.95,1,5.460358
99.95,1,5.460801
99.95,1,5.461248
99.95,1,5.461695
99.95,1,5.462146
99.95,1,5.46259
99.95,1,5.463036
99.95,1,5.463486
99.95,1,5.463932
99.95,1,5.464379
99.95,1,5.464825
99.95,1,5.465279
99.95,1,5.465769
99.95,1,5.466218
99.95,1,5.466663
99.95,1,5.467107
99.95,1,5.467553
99.95,1,5.468003
99.95,1,5.468451
99.95,1,5.468894
99.95,1,5.469338
99.95,1,5.469784
99.95,1,5.470233
99.95,1,5.470677
99.95,1,5.471127
99.95,1,5.471577
99.95,1,5.472046
99.95,1,5.472493
99.95,1,5.473
99.95,1,5.473466
99.95,1,5.473939
99.95,1,5.474399
99.95,1,5.474849
99.95,1,5.475303
99.95,1,5.475752
99.95,1,5.476202
99.95,1,5.476647
99.95,1,5.477089
99.95,1,5.477534
99.95,1,5.477999
99.95,1,5.47846
99.95,1,5.478907
99.95,1,5.47935
99.95,1,5.479803
99.95,1,5.480266
99.95,1,5.480725
99.95,1,5.481171
99.95,1,5.481712
99.95,1,5.482172
99.95,1,5.482623
99.95,1,5.483078
99.95,1,5.483526
99.95,1,5.483976
99.95,1,5.484421
99.95,1,5.484891
99.95,1,5.485344
99.95,1,5.485792
99.95,1,5.486241
99.95,1,5.486686
99.95,1,5.487139
99.95,1,5.487589
99.95,1,5.488038
99.95,1,5.488485
99.95,1,5.488929
99.95,1,5.489382
99.95,1,5.48983
99.95,1,5.49028
99.95,1,5.490734
99.95,1,5.491199
99.95,1,5.491645
99.95,1,5.492104
99.95,1,5.492562
99.95,1,5.493013
99.95,1,5.493458
99.95,1,5.493905
99.95,1,5.494349
99.95,1,5.494792
99.95,1,5.495241
99.95,1,5.495699
99.95,1,5.496227
99.95,1,5.496756
99.95,1,5.497282
99.95,1,5.497755
99.95,1,5.498226
99.95,1,5.49871
99.95,1,5.499165
99.95,1,5.499651
99.95,1,5.500103
99.95,1,5.500557
99.95,1,5.501011
99.95,1,5.501458
99.95,1,5.501908
99.95,1,5.502364
99.95,1,5.502813
99.95,1,5.503264
99.95,1,5.503708
99.95,1,5.504163
99.95,1,5.504616
99.95,1,5.505064
99.95,1,5.50551
99.95,1,5.505958
99.95,1,5.506401
99.95,1,5.506863
99.95,1,5.507313
99.95,1,5.50776
99.95,1,5.508209
99.95,1,5.508655
99.95,1,5.509106
99.95,1,5.509553
99.95,1,5.510001
99.95,1,5.510444
99.95,1,5.510889
99.95,1,5.511337
99.95,1,5.511785
99.95,1,5.512297
99.95,1,5.512742
99.95,1,5.513186
99.95,1,5.513636
99.95,1,5.514086
99.95,1,5.514532
99.95,1,5.514984
99.95,1,5.515454
99.95,1,5.515899
99.95,1,5.516346
99.95,1,5.516789
99.95,1,5.517233
99.95,1,5.517677
99.95,1,5.518123
99.95,1,5.518571
99.95,1,5.519018
99.95,1,5.519463
99.95,1,5.519908
99.95,1,5.520356
99.95,1,5.520798
99.95,1,5.521246
99.95,1,5.521693
99.95,1,5.522141
99.95,1,5.522586
99.95,1,5.523029
99.95,1,5.523489
99.95,1,5.523932
99.95,1,5.524384
99.95,1,5.52483
99.95,1,5.525277
99.95,1,5.52572
99.95,1,5.526174
99.95,1,5.526621
99.95,1,5.527065
99.95,1,5.527518
99.95,1,5.528131
99.95,1,5.528631
99.95,1,5.529129
99.95,1,5.529612
99.95,1,5.530107
99.95,1,5.530583
99.95,1,5.531079
99.95,1,5.531544
99.95,1,5.532001
99.95,1,5.532458
99.95,1,5.532907
99.95,1,5.533367
99.95,1,5.533827
99.95,1,5.534279
99.95,1,5.534726
99.95,1,5.535172
99.95,1,5.535648
99.95,1,5.536117
99.95,1,5.536567
99.95,1,5.537014
99.95,1,5.537472
99.95,1,5.537922
99.95,1,5.538367
99.95,1,5.538818
99.95,1,5.539268
99.95,1,5.53973
99.95,1,5.540192
99.95,1,5.540652
99.95,1,5.541097
99.95,1,5.541552
99.95,1,5.542105
99.95,1,5.542583
99.95,1,5.543046
99.95,1,5.543515
99.95,1,5.543962
99.95,1,5.544408
99.95,1,5.544892
99.95,1,5.54535
99.95,1,5.545806
99.95,1,5.546255
99.95,1,5.546701
99.95,1,5.547153
99.95,1,5.547606
99.95,1,5.548052
99.95,1,5.548498
99.95,1,5.54895
99.95,1,5.549404
99.95,1,5.549854
99.95,1,5.550322
99.95,1,5.550786
99.95,1,5.551233
99.95,1,5.551681
99.95,1,5.552125
99.95,1,5.552579
99.95,1,5.553037
99.95,1,5.5535
99.95,1,5.553945
99.95,1,5.554398
99.95,1,5.554858
99.95,1,5.555307
99.95,1,5.555755
99.95,1,5.55623
99.95,1,5.556699
99.95,1,5.557148
99.95,1,5.557596
99.95,1,5.55804
99.95,1,5.558525
99.95,1,5.559021
99.95,1,5.559471
99.95,1,5.559917
99.95,1,5.560371
99.95,1,5.560835
99.95,1,5.561291
99.95,1,5.561743
99.95,1,5.562188
99.95,1,5.562638
99.95,1,5.563086
99.95,1,5.563535
99.95,1,5.563988
99.95,1,5.564436
99.95,1,5.564881
99.95,1,5.565331
99.95,1,5.565783
99.95,1,5.566228
99.95,1,5.566683
99.95,1,5.567135
99.95,1,5.567596
99.95,1,5.568059
99.95,1,5.568505
99.95,1,5.568951
99.95,1,5.569394
99.95,1,5.569849
99.95,1,5.570297
99.95,1,5.570743
99.95,1,5.571188
99.95,1,5.571635
99.95,1,5.572082
99.95,1,5.572528
99.95,1,5.572975
99.95,1,5.573419
99.95,1,5.57388
99.95,1,5.57439
99.95,1,5.57487
99.95,1,5.575331
99.95,1,5.575806
99.95,1,5.576253
99.95,1,5.576803
99.95,1,5.577277
99.95,1,5.577756
99.95,1,5.57821
99.95,1,5.578677
99.95,1,5.579132
99.95,1,5.579599
99.95,1,5.580055
99.95,1,5.580513
99.95,1,5.581
99.95,1,5.581478
99.95,1,5.581957
99.95,1,5.582445
99.95,1,5.582904
99.95,1,5.583349
99.95,1,5.583812
99.95,1,5.584358
99.95,1,5.584828
99.95,1,5.585274
99.95,1,5.585742
99.95,1,5.586203
99.95,1,5.586672
99.95,1,5.587136
99.95,1,5.587585
99.95,1,5.588045
99.95,1,5.588497
99.95,1,5.588962
99.95,1,5.589446
99.95,1,5.589895
99.95,1,5.59041
99.95,1,5.5909
99.95,1,5.591383
99.95,1,5.591875
99.95,1,5.592345
99.95,1,5.592805
99.95,1,5.593262
99.95,1,5.593722
99.95,1,5.594187
99.95,1,5.594647
99.95,1,5.595135
99.95,1,5.595593
99.95,1,5.596048
99.95,1,5.59651
99.95,1,5.596971
99.95,1,5.597441
99.95,1,5.597917
99.95,1,5.598384
99.95,1,5.598843
99.95,1,5.599298
99.95,1,5.599782
99.95,1,5.60026
99.95,1,5.600752
99.95,1,5.601208
99.95,1,5.601669
99.95,1,5.60214
99.95,1,5.602624
99.95,1,5.603153
99.95,1,5.603659
99.95,1,5.604258
99.95,1,5.604754
99.95,1,5.605293
99.95,1,5.60622
99.95,1,5.606855
99.95,1,5.607385
99.95,1,5.607859
99.95,1,5.608333
99.95,1,5.60885
99.95,1,5.609302
99.95,1,5.609806
99.95,1,5.610253
99.95,1,5.610696
99.95,1,5.61116
99.95,1,5.611608
99.95,1,5.612082
99.95,1,5.612533
99.95,1,5.612997
99.95,1,5.613441
99.95,1,5.61391
99.95,1,5.614358
99.95,1,5.614802
99.95,1,5.615263
99.95,1,5.615715
99.95,1,5.616193
99.95,1,5.616656
99.95,1,5.6171
99.95,1,5.617575
99.95,1,5.618027
99.95,1,5.618531
99.95,1,5.619014
99.95,1,5.619474
99.95,1,5.61996
99.95,1,5.620456
99.95,1,5.620919
99.95,1,5.621373
99.95,1,5.621845
99.95,1,5.622293
99.95,1,5.622755
99.95,1,5.623199
99.95,1,5.623671
99.95,1,5.624128
99.95,1,5.624596
99.95,1,5.625055
99.95,1,5.625562
99.95,1,5.626014
99.95,1,5.626494
99.95,1,5.62694
99.95,1,5.627387
99.95,1,5.627855
99.95,1,5.628313
99.95,1,5.628791
99.95,1,5.629247
99.95,1,5.629728
99.95,1,5.630173
99.95,1,5.630664
99.95,1,5.631132
99.95,1,5.631577
99.95,1,5.632027
99.95,1,5.632478
99.95,1,5.632926
99.95,1,5.633375
99.95,1,5.633828
99.95,1,5.6343
99.95,1,5.634757
99.95,1,5.635234
99.95,1,5.635706
99.95,1,5.636161
99.95,1,5.636615
99.95,1,5.637063
99.95,1,5.637509
99.95,1,5.637958
99.95,1,5.638407
99.95,1,5.638857
99.95,1,5.639302
99.95,1,5.639761
99.95,1,5.640218
99.95,1,5.640679
99.95,1,5.64114
99.95,1,5.641585
99.95,1,5.642056
99.95,1,5.64252
99.95,1,5.642967
99.95,1,5.643411
99.95,1,5.643858
99.95,1,5.644308
99.95,1,5.644755
99.95,1,5.6452
99.95,1,5.645642
99.95,1,5.646089
99.95,1,5.646532
99.95,1,5.646977
99.95,1,5.647424
99.95,1,5.647871
99.95,1,5.648316
99.95,1,5.648762
99.95,1,5.649207
99.95,1,5.649651
99.95,1,5.650096
99.95,1,5.650596
99.95,1,5.651057
99.95,1,5.651524
99.95,1,5.651989
99.95,1,5.652434
99.95,1,5.652879
99.95,1,5.653323
99.95,1,5.653776
99.95,1,5.654224
99.95,1,5.654668
99.95,1,5.655114
99.95,1,5.655558
99.95,1,5.656024
99.95,1,5.656472
99.95,1,5.656918
99.95,1,5.657379
99.95,1,5.657835
99.95,1,5.658293
99.95,1,5.65874
99.95,1,5.659187
99.95,1,5.659644
99.95,1,5.66011
99.95,1,5.660569
99.95,1,5.661028
99.95,1,5.661474
99.95,1,5.661937
99.95,1,5.662398
99.95,1,5.662841
99.95,1,5.663287
99.95,1,5.663736
99.95,1,5.664187
99.95,1,5.664659
99.95,1,5.665102
99.95,1,5.665632
99.95,1,5.666092
99.95,1,5.666539
99.95,1,5.666984
99.95,1,5.667428
99.95,1,5.66788
99.95,1,5.668325
99.95,1,5.668769
99.95,1,5.669212
99.95,1,5.669656
99.95,1,5.670109
99.95,1,5.67056
99.95,1,5.671007
99.95,1,5.671452
99.95,1,5.671897
99.95,1,5.672339
99.95,1,5.672784
99.95,1,5.673243
99.95,1,5.673693
99.95,1,5.674157
99.95,1,5.674601
99.95,1,5.67505
99.95,1,5.675504
99.95,1,5.675954
99.95,1,5.676399
99.95,1,5.676842
99.95,1,5.677286
99.95,1,5.677751
99.95,1,5.678217
99.95,1,6.795263
99.95,1,6.795865
99.95,1,6.796376
99.95,1,6.796874
99.95,1,6.797366
99.95,1,6.797884
99.95,1,6.798484
99.95,1,6.79908
99.95,1,6.799654
99.95,1,6.80023
99.95,1,6.800816
99.95,1,6.801416
99.95,1,6.801936
99.95,1,6.802482
99.95,1,6.803084
99.95,1,6.803767
99.95,1,6.804455
99.95,1,6.80512
99.95,1,6.805783
99.95,1,6.806448
99.95,1,6.806951
99.95,1,6.807435
99.95,1,6.807926
99.95,1,6.808541
99.95,1,6.809161
99.95,1,6.809779
99.95,1,6.810387
99.95,1,6.810986
99.95,1,6.811559
99.95,1,6.812127
99.95,1,6.812726
99.95,1,6.813327
99.95,1,6.813842
99.95,1,6.814335
99.95,1,6.814814
99.95,1,6.815293
99.95,1,6.815777
99.95,1,6.816411
99.95,1,6.817014
99.95,1,6.817802
99.95,1,6.818491
99.95,1,6.819058
99.95,1,6.819583
99.95,1,6.820099
99.95,1,6.820595
99.95,1,6.821093
99.95,1,6.821598
99.95,1,6.822099
99.95,1,6.822582
99.95,1,6.823073
99.95,1,6.82357
99.95,1,6.824065
99.95,1,6.824548
99.95,1,6.825042
99.95,1,6.825603
99.95,1,6.82635
99.95,1,6.827279
99.95,1,6.828084
99.95,1,6.828796
99.95,1,6.829322
99.95,1,6.829849
99.95,1,6.830352
99.95,1,6.830848
99.95,1,6.831333
99.95,1,6.831827
99.95,1,6.832313
99.95,1,6.832945
99.95,1,6.833705
99.95,1,6.834238
99.95,1,6.834757
99.95,1,6.835289
99.95,1,6.835878
99.95,1,6.83654
99.95,1,6.837223
99.95,1,6.838068
99.95,1,6.838932
99.95,1,6.839816
99.95,1,6.84067
99.95,1,6.841452
99.95,1,6.842018
99.95,1,6.842663
99.95,1,6.843308
99.95,1,6.844011
99.95,1,6.84457
99.95,1,6.845137
99.95,1,6.845653
99.95,1,6.846144
99.95,1,6.846632
99.95,1,6.84711
99.95,1,6.847603
99.95,1,6.848091
99.95,1,6.848598
99.95,1,6.84913
99.95,1,6.849633
99.95,1,6.850123
99.95,1,6.850613
99.95,1,6.851089
99.95,1,6.851563
99.95,1,6.852036
99.95,1,6.852523
99.95,1,6.852999
99.95,1,6.853472
99.95,1,6.853944
99.95,1,6.854413
99.95,1,6.854897
99.95,1,6.855374
99.95,1,6.855846
99.95,1,6.856319
99.95,1,6.856795
99.95,1,6.857265
99.95,1,6.857737
99.95,1,6.858217
99.95,1,6.858696
99.95,1,6.859189
99.95,1,6.85966
99.95,1,6.86014
99.95,1,6.860618
99.95,1,6.861092
99.95,1,6.861562
99.95,1,6.862035
99.95,1,6.862513
99.95,1,6.862989
99.95,1,6.863461
99.95,1,6.863964
99.95,1,6.86457
99.95,1,6.865122
99.95,1,6.865613
99.95,1,6.866094
99.95,1,6.866574
99.95,1,6.867054
99.95,1,6.867539
99.95,1,6.868018
99.95,1,6.868491
99.95,1,6.868969
99.95,1,6.869449
99.95,1,6.869926
99.95,1,6.870399
99.95,1,6.870876
99.95,1,6.871357
99.95,1,6.871832
99.95,1,6.872307
99.95,1,6.872783
99.95,1,6.87326
99.95,1,6.873735
99.95,1,6.874208
99.95,1,6.874682
99.95,1,6.875154
99.95,1,6.875632
99.95,1,6.876116
99.95,1,6.876602
99.95,1,6.877076
99.95,1,6.877548
99.95,1,6.878019
99.95,1,6.878493
99.95,1,6.878973
99.95,1,6.879446
99.95,1,6.879926
99.95,1,6.880409
99.95,1,6.880895
99.95,1,6.881371
99.95,1,6.881845
99.95,1,6.882318
99.95,1,6.882793
99.95,1,6.883265
99.95,1,6.88374
99.95,1,6.884216
99.95,1,6.884701
99.95,1,6.885178
99.95,1,6.885649
99.95,1,6.88612
99.95,1,6.886597
99.95,1,6.887087
99.95,1,6.887558
99.95,1,6.888031
99.95,1,6.888508
99.95,1,6.888986
99.95,1,6.889459
99.95,1,6.88993
99.95,1,6.890407
99.95,1,6.890894
99.95,1,6.891367
99.95,1,6.891841
99.95,1,6.892313
99.95,1,6.892786
99.95,1,6.893264
99.95,1,6.893745
99.95,1,6.894223
99.95,1,6.8947
99.95,1,6.895188
99.95,1,6.895663
99.95,1,6.896399
99.95,1,6.897023
99.95,1,6.897603
99.95,1,6.898172
99.95,1,6.898744
99.95,1,6.899319
99.95,1,6.899889
99.95,1,6.900454
99.95,1,6.901021
99.95,1,6.901586
99.95,1,6.902162
99.95,1,6.902728
99.95,1,6.90329
99.95,1,6.903856
99.95,1,6.904424
99.95,1,6.904993
99.95,1,6.905557
99.95,1,6.906121
99.95,1,6.906687
99.95,1,6.90725
99.95,1,6.907814
99.95,1,6.908375
99.95,1,6.908939
99.95,1,6.909505
99.95,1,6.910071
99.95,1,6.910632
99.95,1,6.911183
99.95,1,6.911667
99.95,1,6.912147
99.95,1,6.912617
99.95,1,6.913092
99.95,1,6.913573
99.95,1,6.914049
99.95,1,6.914518
99.95,1,6.915008
99.95,1,6.915508
99.95,1,6.915979
99.95,1,6.91645
99.95,1,6.916922
99.95,1,6.917391
99.95,1,6.917867
99.95,1,6.918342
99.95,1,6.918818
99.95,1,6.91929
99.95,1,6.91977
99.95,1,6.920246
99.95,1,6.920723
99.95,1,6.921202
99.95,1,6.921683
99.95,1,6.922165
99.95,1,6.922641
99.95,1,6.923127
99.95,1,6.923604
99.95,1,6.924084
99.95,1,6.924557
99.95,1,6.925058
99.95,1,6.92555
99.95,1,6.926032
99.95,1,6.926508
99.95,1,6.927003
99.95,1,6.92752
99.95,1,6.928026
99.95,1,6.928512
99.95,1,6.928988
99.95,1,6.929461
99.95,1,6.929938
99.95,1,6.930418
99.95,1,6.930898
99.95,1,6.931375
99.95,1,6.931853
99.95,1,6.932327
99.95,1,6.932801
99.95,1,6.933272
99.95,1,6.933744
99.95,1,6.934216
99.95,1,6.934689
99.95,1,6.935165
99.95,1,6.935636
99.95,1,6.936113
99.95,1,6.936587
99.95,1,6.937082
99.95,1,6.937555
99.95,1,6.93803
99.95,1,6.938511
99.95,1,6.938989
99.95,1,6.939463
99.95,1,6.939943
99.95,1,6.940416
99.95,1,6.940898
99.95,1,6.941377
99.95,1,6.941847
99.95,1,6.942322
99.95,1,6.942802
99.95,1,6.943421
99.95,1,6.944105
99.95,1,6.944834
99.95,1,6.945426
99.95,1,6.945955
99.95,1,6.946466
99.95,1,6.946955
99.95,1,6.947437
99.95,1,6.94793
99.95,1,6.94868
99.95,1,6.94947
99.95,1,6.950159
99.95,1,6.950827
99.95,1,6.951587
99.95,1,6.952183
99.95,1,6.952688
99.95,1,6.953204
99.95,1,6.953972
99.95,1,6.954581
99.95,1,6.955132
99.95,1,6.955708
99.95,1,6.956196
99.95,1,6.956692
99.95,1,6.957184
99.95,1,6.957658
99.95,1,6.958132
99.95,1,6.959357
99.95,1,6.959979
99.95,1,6.960531
99.95,1,6.961045
99.95,1,6.961547
99.95,1,6.962075
99.95,1,6.962566
99.95,1,6.963041
99.95,1,6.96352
99.95,1,6.963991
99.95,1,6.964459
99.95,1,6.964926
99.95,1,6.965396
99.95,1,6.965867
99.95,1,6.96634
99.95,1,6.96681
99.95,1,6.967284
99.95,1,6.967757
99.95,1,6.968505
99.95,1,6.969272
99.95,1,6.969867
99.95,1,6.970392
99.95,1,6.970892
99.95,1,6.97138
99.95,1,6.97186
99.95,1,6.972332
99.95,1,6.972811
99.95,1,6.973301
99.95,1,6.973777
99.95,1,6.974412
99.95,1,6.974964
99.95,1,6.975507
99.95,1,6.976043
99.95,1,6.976551
99.95,1,6.977091
99.95,1,6.977605
99.95,1,6.978108
99.95,1,6.978601
99.95,1,6.9791
99.95,1,6.979595
99.95,1,6.980098
99.95,1,6.9806
99.95,1,6.981092
99.95,1,6.981569
99.95,1,6.982046
99.95,1,6.98255
99.95,1,6.983045
99.95,1,6.983526
99.95,1,6.984008
99.95,1,6.984513
99.95,1,6.985013
99.95,1,6.985498
99.95,1,6.98598
99.95,1,6.986459
99.95,1,6.986945
99.95,1,6.987426
99.95,1,6.987904
99.95,1,6.98838
99.95,1,6.988871
99.95,1,6.989352
99.95,1,6.989841
99.95,1,6.990356
99.95,1,6.990855
99.95,1,6.991336
99.95,1,6.991812
99.95,1,6.99232
99.95,1,6.992819
99.95,1,6.993301
99.95,1,6.993776
99.95,1,6.994247
99.95,1,6.994719
99.95,1,6.995206
99.95,1,6.995682
99.95,1,6.996153
99.95,1,6.996624
99.95,1,6.997101
99.95,1,6.997576
99.95,1,6.99805
99.95,1,6.998524
99.95,1,6.998999
99.95,1,6.999476
99.95,1,6.999956
99.95,1,7.000437
99.95,1,7.000916
99.95,1,7.001388
99.95,1,7.001866
99.95,1,7.002343
99.95,1,7.002816
99.95,1,7.003293
99.95,1,7.003769
99.95,1,7.004246
99.95,1,7.004737
99.95,1,7.005208
99.95,1,7.005774
99.95,1,7.00625
99.95,1,7.00673
99.95,1,7.00721
99.95,1,7.007708
99.95,1,7.008202
99.95,1,7.00868
99.95,1,7.009193
99.95,1,7.009652
99.95,1,7.010143
99.95,1,7.010605
99.95,1,7.011099
99.95,1,7.011558
99.95,1,7.012046
99.95,1,7.012506
99.95,1,7.013009
99.95,1,7.013472
99.95,1,7.013959
99.95,1,7.014418
99.95,1,7.014882
99.95,1,7.015399
99.95,1,7.015858
99.95,1,7.016345
99.95,1,7.016801
99.95,1,7.017307
99.95,1,7.017766
99.95,1,7.018248
99.95,1,7.018717
99.95,1,7.019202
99.95,1,7.019661
99.95,1,7.020154
99.95,1,7.020614
99.95,1,7.021076
99.95,1,7.021656
99.95,1,7.022122
99.95,1,7.022615
99.95,1,7.023079
99.95,1,7.023578
99.95,1,7.024046
99.95,1,7.024541
99.95,1,7.025016
99.95,1,7.025533
99.95,1,7.026009
99.95,1,7.026498
99.95,1,7.026959
99.95,1,7.027419
99.95,1,7.027912
99.95,1,7.028374
99.95,1,7.028865
99.95,1,7.029328
99.95,1,7.029814
99.95,1,7.030271
99.95,1,7.030759
99.95,1,7.031226
99.95,1,7.031703
99.95,1,7.032175
99.95,1,7.032632
99.95,1,7.033123
99.95,1,7.033585
99.95,1,7.034074
99.95,1,7.034531
99.95,1,7.035023
99.95,1,7.035484
99.95,1,7.035978
99.95,1,7.036438
99.95,1,7.036896
99.95,1,7.037393
99.95,1,7.037843
99.95,1,7.038312
99.95,1,7.038761
99.95,1,7.039229
99.95,1,7.039679
99.95,1,7.040138
99.95,1,7.0406
99.95,1,7.041057
99.95,1,7.041528
99.95,1,7.041988
99.95,1,7.042449
99.95,1,7.042909
99.95,1,7.043373
99.95,1,7.043837
99.95,1,7.044322
99.95,1,7.044771
99.95,1,7.045226
99.95,1,7.045691
99.95,1,7.046146
99.95,1,7.046613
99.95,1,7.047065
99.95,1,7.047532
99.95,1,7.047982
99.95,1,7.048447
99.95,1,7.048897
99.95,1,7.04935
99.95,1,7.049816
99.95,1,7.050265
99.95,1,7.050729
99.95,1,7.051181
99.95,1,7.051649
99.95,1,7.052099
99.95,1,7.052558
99.95,1,7.053108
99.95,1,7.053568
99.95,1,7.054021
99.95,1,7.054471
99.95,1,7.054925
99.95,1,7.055393
99.95,1,7.055859
99.95,1,7.056482
99.95,1,7.057115
99.95,1,7.057608
99.95,1,7.058099
99.95,1,7.058641
99.95,1,7.059213
99.95,1,7.059669
99.95,1,7.060131
99.95,1,7.060603
99.95,1,7.061269
99.95,1,7.061963
99.95,1,7.062629
99.95,1,7.06317
99.95,1,7.063697
99.95,1,7.064149
99.95,1,7.0646
99.95,1,7.065053
99.95,1,7.065507
99.95,1,7.065968
99.95,1,7.066426
99.95,1,7.066887
99.95,1,7.067341
99.95,1,7.067805
99.95,1,7.068263
99.95,1,7.068795
99.95,1,7.069277
99.95,1,7.069742
99.95,1,7.070212
99.95,1,7.070679
99.95,1,7.071142
99.95,1,7.071612
99.95,1,7.072086
99.95,1,7.072634
99.95,1,7.073132
99.95,1,7.073591
99.95,1,7.074061
99.95,1,7.074517
99.95,1,7.074988
99.95,1,7.075473
99.95,1,7.075981
99.95,1,7.076549
99.95,1,7.077374
99.95,1,7.078323
99.95,1,7.078952
99.95,1,7.079472
99.95,1,7.079936
99.95,1,7.080474
99.95,1,7.080976
99.95,1,7.081454
99.95,1,7.08192
99.95,1,7.082385
99.95,1,7.08285
99.95,1,7.083303
99.95,1,7.083781
99.95,1,7.084366
99.95,1,7.084824
99.95,1,7.085329
99.95,1,7.085791
99.95,1,7.086255
99.95,1,7.086715
99.95,1,7.08718
99.95,1,7.087648
99.95,1,7.088123
99.95,1,7.088673
99.95,1,7.08914
99.95,1,7.089592
99.95,1,7.090044
99.95,1,7.090512
99.95,1,7.090961
99.95,1,7.091426
99.95,1,7.091885
99.95,1,7.092363
99.95,1,7.092927
99.95,1,7.09362
99.95,1,7.094793
99.95,1,7.095563
99.95,1,7.096059
99.95,1,7.09652
99.95,1,7.096985
99.95,1,7.097443
99.95,1,7.097895
99.95,1,7.098345
99.95,1,7.098796
99.95,1,7.099255
99.95,1,7.099721
99.95,1,7.10033
99.95,1,7.100848
99.95,1,7.101315
99.95,1,7.101778
99.95,1,7.102238
99.95,1,7.102696
99.95,1,7.103166
99.95,1,7.103621
99.95,1,7.10412
99.95,1,7.104688
99.95,1,7.105164
99.95,1,7.105615
99.95,1,7.106071
99.95,1,7.106539
99.95,1,7.106998
99.95,1,7.107466
99.95,1,7.107918
99.95,1,7.108372
99.95,1,7.108822
99.95,1,7.109481
99.95,1,7.110247
99.95,1,7.110952
99.95,1,7.111535
99.95,1,7.111991
99.95,1,7.112441
99.95,1,7.11289
99.95,1,7.113347
99.95,1,7.113798
99.95,1,7.114246
99.95,1,7.114694
99.95,1,7.115153
99.95,1,7.115624
99.95,1,7.116128
99.95,1,7.116578
99.95,1,7.117026
99.95,1,7.117492
99.95,1,7.117956
99.95,1,7.118417
99.95,1,7.118882
99.95,1,7.119337
99.95,1,7.119786
99.95,1,7.120236
99.95,1,7.120684
99.95,1,7.121132
99.95,1,7.121594
99.95,1,7.122056
99.95,1,7.122508
99.95,1,7.122969
99.95,1,7.123433
99.95,1,7.123881
99.95,1,7.12435
99.95,1,7.124815
99.95,1,7.125278
99.95,1,7.125824
99.95,1,7.126272
99.95,1,7.126732
99.95,1,7.127195
99.95,1,7.127651
99.95,1,7.128104
99.95,1,7.12857
99.95,1,7.129037
99.95,1,7.129489
99.95,1,7.12995
99.95,1,7.130407
99.95,1,7.130867
99.95,1,7.131326
99.95,1,7.131863
99.95,1,7.132327
99.95,1,7.1328
99.95,1,7.133253
99.95,1,7.133722
99.95,1,7.134195
99.95,1,7.134649
99.95,1,7.135135
99.95,1,7.135603
99.95,1,7.136083
99.95,1,7.136667
99.95,1,7.137132
99.95,1,7.137592
99.95,1,7.138044
99.95,1,7.138493
99.95,1,7.138944
99.95,1,7.139397
99.95,1,7.139853
99.95,1,7.14032
99.95,1,7.140776
99.95,1,7.141228
99.95,1,7.14168
99.95,1,7.14214
99.95,1,7.142645
99.95,1,7.143159
99.95,1,7.143616
99.95,1,7.144065
99.95,1,7.144532
99.95,1,7.144982
99.95,1,7.14544
99.95,1,7.145889
99.95,1,7.14635
99.95,1,7.14681
99.95,1,7.147277
99.95,1,7.14829
99.95,1,7.148873
99.95,1,7.149369
99.95,1,7.149852
99.95,1,7.150327
99.95,1,7.150817
99.95,1,7.151299
99.95,1,7.151776
99.95,1,7.152244
99.95,1,7.152697
99.95,1,7.153157
99.95,1,7.153628
99.95,1,7.154088
99.95,1,7.154552
99.95,1,7.155013
99.95,1,7.155481
99.95,1,7.155938
99.95,1,7.156406
99.95,1,7.156882
99.95,1,7.157336
99.95,1,7.157801
99.95,1,7.158259
99.95,1,7.158722
99.95,1,7.159212
99.95,1,7.159666
99.95,1,7.160116
99.95,1,7.160566
99.95,1,7.161024
99.95,1,7.161489
99.95,1,7.161944
99.95,1,7.162394
99.95,1,7.162844
99.95,1,7.163349
99.95,1,7.163824
99.95,1,7.164298
99.95,1,7.164748
99.95,1,7.165208
99.95,1,7.165674
99.95,1,7.166121
99.95,1,7.166574
99.95,1,7.167039
99.95,1,7.167506
99.95,1,7.167955
99.95,1,7.168405
99.95,1,7.168869
99.95,1,7.169332
99.95,1,7.169785
99.95,1,7.170246
99.95,1,7.170702
99.95,1,7.171162
99.95,1,7.17162
99.95,1,7.172069
99.95,1,7.172517
99.95,1,7.17298
99.95,1,7.173445
99.95,1,7.173914
99.95,1,7.174372
99.95,1,7.174835
99.95,1,7.175285
99.95,1,7.175792
99.95,1,7.176257
99.95,1,7.176709
99.95,1,7.177162
99.95,1,7.177628
99.95,1,7.178096
99.95,1,7.178558
99.95,1,7.179151
99.95,1,7.179678
99.95,1,7.180159
99.95,1,7.180616
99.95,1,7.181069
99.95,1,7.181529
99.95,1,7.181988
99.95,1,7.18244
99.95,1,7.18289
99.95,1,7.183352
99.95,1,7.18382
99.95,1,7.184289
99.95,1,7.184754
99.95,1,7.185205
99.95,1,7.185658
99.95,1,7.186108
99.95,1,7.186562
99.95,1,7.187013
99.95,1,7.187462
99.95,1,7.187927
99.95,1,7.18839
99.95,1,7.188856
99.95,1,7.189319
99.95,1,7.189771
99.95,1,7.19023
99.95,1,7.190692
99.95,1,7.19114
99.95,1,7.19168
99.95,1,7.192205
99.95,1,7.19267
99.95,1,7.193179
99.95,1,7.193634
99.95,1,7.194121
99.95,1,7.194601
99.95,1,7.195093
99.95,1,7.195547
99.95,1,7.196012
99.95,1,7.196484
99.95,1,7.196951
99.95,1,7.197439
99.95,1,7.197904
99.95,1,7.198364
99.95,1,7.198831
99.95,1,7.199286
99.95,1,7.199739
99.95,1,7.200213
99.95,1,7.20067
99.95,1,7.201133
99.95,1,7.201586
99.95,1,7.202039
99.95,1,7.202487
99.95,1,7.202948
99.95,1,7.203411
99.95,1,7.203865
99.95,1,7.204312
99.95,1,7.204777
99.95,1,7.205241
99.95,1,7.205693
99.95,1,7.206143
99.95,1,7.206591
99.95,1,7.207066
99.95,1,7.20753
99.95,1,7.207995
99.95,1,7.208454
99.95,1,7.208928
99.95,1,7.209383
99.95,1,7.20985
99.95,1,7.210365
99.95,1,7.210813
99.95,1,7.211278
99.95,1,7.21173
99.95,1,7.212179
99.95,1,7.212626
99.95,1,7.213089
99.95,1,7.213552
99.95,1,7.214004
99.95,1,7.214451
99.95,1,7.214921
99.95,1,7.215384
99.95,1,7.215837
99.95,1,7.216284
99.95,1,7.216747
99.95,1,7.217215
99.95,1,7.217674
99.95,1,7.218139
99.95,1,7.218588
99.95,1,7.219036
99.95,1,7.219489
99.95,1,7.219945
99.95,1,7.220391
99.95,1,7.220838
99.95,1,7.221285
99.95,1,7.221736
99.95,1,7.222198
99.95,1,7.222664
99.95,1,7.223114
99.95,1,7.223562
99.95,1,7.224034
99.95,1,7.224488
99.95,1,7.224966
99.95,1,7.225429
99.95,1,7.225994
99.95,1,7.226641
99.95,1,7.22734
99.95,1,7.227878
99.95,1,7.228371
99.95,1,7.228841
99.95,1,7.229334
99.95,1,7.22981
99.95,1,7.230283
99.95,1,7.230742
99.95,1,7.231221
99.95,1,7.231675
99.95,1,7.232147
99.95,1,7.232601
99.95,1,7.233064
99.95,1,7.233536
99.95,1,7.233991
99.95,1,7.234441
99.95,1,7.23489
99.95,1,7.235337
99.95,1,7.235791
99.95,1,7.236245
99.95,1,7.236696
99.95,1,7.237154
99.95,1,7.237622
99.95,1,7.238089
99.95,1,7.23854
99.95,1,7.238989
99.95,1,7.239438
99.95,1,7.23989
99.95,1,7.240357
99.95,1,7.240822
99.95,1,7.241271
99.95,1,7.241784
99.95,1,7.242249
99.95,1,7.242717
99.95,1,7.243179
99.95,1,7.243642
99.95,1,7.244097
99.95,1,7.244548
99.95,1,7.245014
99.95,1,7.245462
99.95,1,7.245913
99.95,1,7.24636
99.95,1,7.246827
99.95,1,7.247289
99.95,1,7.247747
99.95,1,7.248214
99.95,1,7.248665
99.95,1,7.24912
99.95,1,7.249581
99.95,1,7.250047
99.95,1,7.250501
99.95,1,7.250954
99.95,1,7.251404
99.95,1,7.251855
99.95,1,7.252302
99.95,1,7.25275
99.95,1,7.253204
99.95,1,7.253654
99.95,1,7.254106
99.95,1,7.254581
99.95,1,7.255053
99.95,1,7.25552
99.95,1,7.255975
99.95,1,7.256439
99.95,1,7.256977
99.95,1,7.257565
99.95,1,7.25803
99.95,1,7.2585
99.95,1,7.25899
99.95,1,7.259501
99.95,1,7.260049
99.95,1,7.260531
99.95,1,7.261004
99.95,1,7.261459
99.95,1,7.261968
99.95,1,7.262464
99.95,1,7.26292
99.95,1,7.263379
99.95,1,7.263848
99.95,1,7.264298
99.95,1,7.264759
99.95,1,7.265251
99.95,1,7.265887
99.95,1,7.266567
99.95,1,7.26715
99.95,1,7.267612
99.95,1,7.268069
99.95,1,7.268521
99.95,1,7.268976
99.95,1,7.26944
99.95,1,7.269911
99.95,1,7.270361
99.95,1,7.270822
99.95,1,7.27128
99.95,1,7.271741
99.95,1,7.272192
99.95,1,7.272688
99.95,1,7.273139
99.95,1,7.273605
99.95,1,7.274058
99.95,1,7.274523
99.95,1,7.274987
99.95,1,7.275437
99.95,1,7.275968
99.95,1,7.276419
99.95,1,7.276884
99.95,1,7.277343
99.95,1,7.277807
99.95,1,7.278259
99.95,1,7.278707
99.95,1,7.279155
99.95,1,7.279604
99.95,1,7.280071
99.95,1,7.280529
99.95,1,7.280994
99.95,1,7.281455
99.95,1,7.281913
99.95,1,7.282379
99.95,1,7.28283
99.95,1,7.283292
99.95,1,7.283755
99.95,1,7.284232
99.95,1,7.284704
99.95,1,7.285168
99.95,1,7.285631
99.95,1,7.286084
99.95,1,7.286534
99.95,1,7.286994
99.95,1,7.287525
99.95,1,7.287986
99.95,1,7.288453
99.95,1,7.28896
99.95,1,7.289456
99.95,1,7.289925
99.95,1,7.290392
99.95,1,7.290858
99.95,1,7.291308
99.95,1,7.291758
99.95,1,7.292289
99.95,1,7.29286
99.95,1,7.293329
99.95,1,7.293799
99.95,1,7.294257
99.95,1,7.294725
99.95,1,7.295192
99.95,1,7.295646
99.95,1,7.296101
99.95,1,7.296561
99.95,1,7.297037
99.95,1,7.297505
99.95,1,7.297961
99.95,1,7.298412
99.95,1,7.298872
99.95,1,7.299346
99.95,1,7.299807
99.95,1,7.300274
99.95,1,7.300739
99.95,1,7.30119
99.95,1,7.301638
99.95,1,7.302127
99.95,1,7.302666
99.95,1,7.303118
99.95,1,7.303581
99.95,1,7.304048
99.95,1,7.304499
99.95,1,7.304946
99.95,1,7.305393
99.95,1,7.30584
99.95,1,7.306305
99.95,1,7.30677
99.95,1,7.30722
99.95,1,7.307684
99.95,1,7.308136
99.95,1,7.308584
99.95,1,7.309031
99.95,1,7.309492
99.95,1,7.309954
99.95,1,7.310408
99.95,1,7.310859
99.95,1,7.311321
99.95,1,7.311782
99.95,1,7.312233
99.95,1,7.312682
99.95,1,7.313128
99.95,1,7.313581
99.95,1,7.314033
99.95,1,7.314484
99.95,1,7.314977
99.95,1,7.315448
99.95,1,7.315914
99.95,1,7.316383
99.95,1,7.316868
99.95,1,7.317356
99.95,1,7.317805
99.95,1,7.318261
99.95,1,7.318724
99.95,1,7.319181
99.95,1,7.319643
99.95,1,7.320094
99.95,1,7.320558
99.95,1,7.32102
99.95,1,7.321482
99.95,1,7.321933
99.95,1,7.322396
99.95,1,7.322859
99.95,1,7.323308
99.95,1,7.323756
99.95,1,7.324219
99.95,1,7.324677
99.95,1,7.325139
99.95,1,7.325605
99.95,1,7.326059
99.95,1,7.326523
99.95,1,7.326977
99.95,1,7.327429
99.95,1,7.327889
99.95,1,7.328355
99.95,1,7.328811
99.95,1,7.329261
99.95,1,7.329723
99.95,1,7.330189
99.95,1,7.330637
99.95,1,7.331097
99.95,1,7.331565
99.95,1,7.332019
99.95,1,7.332478
99.95,1,7.332963
99.95,1,7.333423
99.95,1,7.333893
99.95,1,7.334348
99.95,1,7.334809
99.95,1,7.335272
99.95,1,7.335721
99.95,1,7.336173
99.95,1,7.336627
99.95,1,7.337083
99.95,1,7.337537
99.95,1,7.337998
99.95,1,7.338465
99.95,1,7.338913
99.95,1,7.339362
99.95,1,7.33981
99.95,1,7.340281
99.95,1,7.340745
99.95,1,7.341204
99.95,1,7.341665
99.95,1,7.342115
99.95,1,7.342564
99.95,1,7.343017
99.95,1,7.343471
99.95,1,7.34392
99.95,1,7.344406
99.95,1,7.344879
99.95,1,7.345333
99.95,1,7.345794
99.95,1,7.346267
99.95,1,7.346718
99.95,1,7.347167
99.95,1,7.347627
99.95,1,7.34809
99.95,1,7.348725
99.95,1,7.349457
99.95,1,7.349926
99.95,1,7.350391
99.95,1,7.350853
99.95,1,7.351307
99.95,1,7.351768
99.95,1,7.352238
99.95,1,7.352705
99.95,1,7.353153
99.95,1,7.353602
99.95,1,7.354054
99.95,1,7.354509
99.95,1,7.354968
99.95,1,7.355424
99.95,1,7.355883
99.95,1,7.356356
99.95,1,7.356816
99.95,1,7.357284
99.95,1,7.35774
99.95,1,7.358215
99.95,1,7.358668
99.95,1,7.359132
99.95,1,7.35959
99.95,1,7.360051
99.95,1,7.360509
99.95,1,7.36096
99.95,1,7.361409
99.95,1,7.361858
99.95,1,7.362311
99.95,1,7.362762
99.95,1,7.363286
99.95,1,7.363756
99.95,1,7.36422
99.95,1,7.364675
99.95,1,7.365126
99.95,1,7.365572
99.95,1,7.366049
99.95,1,7.366518
99.95,1,7.366968
99.95,1,7.367415
99.95,1,7.367874
99.95,1,7.368339
99.95,1,7.368787
99.95,1,7.36925
99.95,1,7.369714
99.95,1,7.370165
99.95,1,7.370618
99.95,1,7.37107
99.95,1,7.371519
99.95,1,7.371969
99.95,1,7.37242
99.95,1,7.372871
99.95,1,7.373326
99.95,1,7.373795
99.95,1,7.37426
99.95,1,7.374731
99.95,1,7.375213
99.95,1,7.375666
99.95,1,7.376115
99.95,1,7.376567
99.95,1,7.377021
99.95,1,7.377472
99.95,1,7.377923
99.95,1,7.378376
99.95,1,7.378823
99.95,1,7.379365
99.95,1,7.379833
99.95,1,7.380296
99.95,1,7.380748
99.95,1,7.381212
99.95,1,7.38167
99.95,1,7.382145
99.95,1,7.382602
99.95,1,7.383064
99.95,1,7.383521
99.95,1,7.383984
99.95,1,7.38444
99.95,1,7.384897
99.95,1,7.385349
99.95,1,7.385801
99.95,1,7.386255
99.95,1,7.386716
99.95,1,7.387174
99.95,1,7.387634
99.95,1,7.388099
99.95,1,7.388568
99.95,1,7.389026
99.95,1,7.38949
99.95,1,7.38994
99.95,1,7.390396
99.95,1,7.390865
99.95,1,7.391317
99.95,1,7.391771
99.95,1,7.392222
99.95,1,7.392676
99.95,1,7.393136
99.95,1,7.393599
99.95,1,7.394171
99.95,1,7.394658
99.95,1,7.395136
99.95,1,7.395589
99.95,1,7.396065
99.95,1,7.396528
99.95,1,7.396995
99.95,1,7.39745
99.95,1,7.397902
99.95,1,7.398366
99.95,1,7.39882
99.95,1,7.399271
99.95,1,7.399728
99.95,1,7.400224
99.95,1,7.400834
99.95,1,7.40139
99.95,1,7.401848
99.95,1,7.402311
99.95,1,7.402778
99.95,1,7.403227
99.95,1,7.403673
99.95,1,7.404127
99.95,1,7.4046
99.95,1,7.405051
99.95,1,7.405499
99.95,1,7.405959
99.95,1,7.406433
99.95,1,7.406885
99.95,1,7.407334
99.95,1,7.40781
99.95,1,7.408272
99.95,1,7.408724
99.95,1,7.4092
99.95,1,7.409748
99.95,1,7.410222
99.95,1,7.410678
99.95,1,7.411129
99.95,1,7.41159
99.95,1,7.412055
99.95,1,7.412526
99.95,1,7.412975
99.95,1,7.413423
99.95,1,7.413872
99.95,1,7.414336
99.95,1,7.414799
99.95,1,7.415264
99.95,1,7.415713
99.95,1,7.416236
99.95,1,7.416808
99.95,1,7.417284
99.95,1,7.417747
99.95,1,7.418205
99.95,1,7.418666
99.95,1,7.419126
99.95,1,7.419586
99.95,1,7.420051
99.95,1,7.42052
99.95,1,7.42099
99.95,1,7.421441
99.95,1,7.421889
99.95,1,7.422338
99.95,1,7.422808
99.95,1,7.423275
99.95,1,7.423736
99.95,1,7.424199
99.95,1,7.424679
99.95,1,7.425274
99.95,1,7.425821
99.95,1,7.426353
99.95,1,7.42683
99.95,1,7.427298
99.95,1,7.427756
99.95,1,7.42821
99.95,1,7.428682
99.95,1,7.429149
99.95,1,7.429613
99.95,1,7.430081
99.95,1,7.430551
99.95,1,7.431001
99.95,1,7.431471
99.95,1,7.431931
99.95,1,7.432399
99.95,1,7.432862
99.95,1,7.433325
99.95,1,7.433777
99.95,1,7.434232
99.95,1,7.434699
99.95,1,7.435182
99.95,1,7.435632
99.95,1,7.436093
99.95,1,7.436559
99.95,1,7.437031
99.95,1,7.437498
99.95,1,7.437948
99.95,1,7.438397
99.95,1,7.438859
99.95,1,7.439367
99.95,1,7.439832
99.95,1,7.440432
99.95,1,7.440907
99.95,1,7.441358
99.95,1,7.441807
99.95,1,7.442266
99.95,1,7.442787
99.95,1,7.443248
99.95,1,7.443713
99.95,1,7.444177
99.95,1,7.44463
99.95,1,7.445078
99.95,1,7.445535
99.95,1,7.445988
99.95,1,7.446448
99.95,1,7.44691
99.95,1,7.447374
99.95,1,7.447826
99.95,1,7.448286
99.95,1,7.448754
99.95,1,7.449202
99.95,1,7.449659
99.95,1,7.450116
99.95,1,7.450582
99.95,1,7.451029
99.95,1,7.451474
99.95,1,7.451922
99.95,1,7.452384
99.95,1,7.45285
99.95,1,7.4533
99.95,1,7.453749
99.95,1,7.454197
99.95,1,7.454649
99.95,1,7.455154
99.95,1,7.455603
99.95,1,7.456052
99.95,1,7.456502
99.95,1,7.456954
99.95,1,7.457434
99.95,1,7.457898
99.95,1,7.458348
99.95,1,7.458811
99.95,1,7.459305
99.95,1,7.459768
99.95,1,7.460232
99.95,1,7.460688
99.95,1,7.461142
99.95,1,7.461605
99.95,1,7.462069
99.95,1,7.462519
99.95,1,7.46297
99.95,1,7.463417
99.95,1,7.463882
99.95,1,7.464347
99.95,1,7.464799
99.95,1,7.465278
99.95,1,7.465739
99.95,1,7.466194
99.95,1,7.466648
99.95,1,7.467099
99.95,1,7.467547
99.95,1,7.467994
99.95,1,7.468454
99.95,1,7.468923
99.95,1,7.469378
99.95,1,7.469829
99.95,1,7.470484
99.95,1,7.471028
99.95,1,7.471498
99.95,1,7.471957
99.95,1,7.472409
99.95,1,7.472863
99.95,1,7.473335
99.95,1,7.473804
99.95,1,7.474256
99.95,1,7.474709
99.95,1,7.475162
99.95,1,7.475621
99.95,1,7.476148
99.95,1,7.476611
99.95,1,7.477073
99.95,1,7.477528
99.95,1,7.47798
99.95,1,7.478429
99.95,1,7.478883
99.95,1,7.479339
99.95,1,7.479791
99.95,1,7.480241
99.95,1,7.480694
99.95,1,7.481153
99.95,1,7.481619
99.95,1,7.482071
99.95,1,7.482522
99.95,1,7.482974
99.95,1,7.483424
99.95,1,7.483871
99.95,1,7.484321
99.95,1,7.484776
99.95,1,7.485225
99.95,1,7.485685
99.95,1,7.486217
99.95,1,7.486682
99.95,1,7.487132
99.95,1,7.487593
99.95,1,7.488061
99.95,1,7.488517
99.95,1,7.488971
99.95,1,7.48942
99.95,1,7.489903
99.95,1,7.490371
99.95,1,7.490827
99.95,1,7.491289
99.95,1,7.49176
99.95,1,7.492213
99.95,1,7.492681
99.95,1,7.493154
99.95,1,7.493608
99.95,1,7.494061
99.95,1,7.494511
99.95,1,7.49499
99.95,1,7.495452
99.95,1,7.495918
99.95,1,7.496503
99.95,1,7.497044
99.95,1,7.497539
99.95,1,7.497999
99.95,1,7.498465
99.95,1,7.498923
99.95,1,7.499374
99.95,1,7.499835
99.95,1,7.500302
99.95,1,7.500757
99.95,1,7.501226
99.95,1,7.501677
99.95,1,7.502197
99.95,1,7.502671
99.95,1,7.503133
99.95,1,7.503584
99.95,1,7.504034
99.95,1,7.504488
99.95,1,7.504954
99.95,1,7.505414
99.95,1,7.505878
99.95,1,7.506339
99.95,1,7.506809
99.95,1,7.507273
99.95,1,7.507739
99.95,1,7.508189
99.95,1,7.50865
99.95,1,7.509142
99.95,1,7.509606
99.95,1,7.510058
99.95,1,7.510509
99.95,1,7.51097
99.95,1,7.511435
99.95,1,7.511885
99.95,1,7.512336
99.95,1,7.5128
99.95,1,7.513264
99.95,1,7.513713
99.95,1,7.514159
99.95,1,7.514607
99.95,1,7.515074
99.95,1,7.51554
99.95,1,7.51599
99.95,1,7.516438
99.95,1,7.516908
99.95,1,7.517372
99.95,1,7.517822
99.95,1,7.518352
99.95,1,7.518819
99.95,1,7.519276
99.95,1,7.519747
99.95,1,7.52021
99.95,1,7.520658
99.95,1,7.52111
99.95,1,7.521569
99.95,1,7.522034
99.95,1,7.522497
99.95,1,7.522977
99.95,1,7.523436
99.95,1,7.5239
99.95,1,7.524365
99.95,1,7.524817
99.95,1,7.525293
99.95,1,7.525758
99.95,1,7.526274
99.95,1,7.52673
99.95,1,7.527197
99.95,1,7.527656
99.95,1,7.52812
99.95,1,7.52857
99.95,1,7.529051
99.95,1,7.529513
99.95,1,7.529977
99.95,1,7.530426
99.95,1,7.530878
99.95,1,7.531333
99.95,1,7.531835
99.95,1,7.53232
99.95,1,7.53277
99.95,1,7.533228
99.95,1,7.533729
99.95,1,7.534192
99.95,1,7.534655
99.95,1,7.535108
99.95,1,7.535561
99.95,1,7.536011
99.95,1,7.53646
99.95,1,7.536912
99.95,1,7.537359
99.95,1,7.537805
99.95,1,7.538254
99.95,1,7.538704
99.95,1,7.539154
99.95,1,7.539602
99.95,1,7.54005
99.95,1,7.540498
99.95,1,7.540986
99.95,1,7.541439
99.95,1,7.541888
99.95,1,7.542337
99.95,1,7.542784
99.95,1,7.543246
99.95,1,7.543702
99.95,1,7.544163
99.95,1,7.544612
99.95,1,7.545077
99.95,1,7.545534
99.95,1,7.545997
99.95,1,7.546444
99.95,1,7.546905
99.95,1,7.547371
99.95,1,7.54782
99.95,1,7.548267
99.95,1,7.548715
99.95,1,7.549166
99.95,1,7.549728
99.95,1,7.550207
99.95,1,7.550664
99.95,1,7.551121
99.95,1,7.551574
99.95,1,7.552052
99.95,1,7.552521
99.95,1,7.552979
99.95,1,7.553429
99.95,1,7.553878
99.95,1,7.554327
99.95,1,7.554814
99.95,1,7.555293
99.95,1,7.55575
99.95,1,7.5562
99.95,1,7.556651
99.95,1,7.557126
99.95,1,7.557603
99.95,1,7.558069
99.95,1,7.55853
99.95,1,7.558999
99.95,1,7.559474
99.95,1,7.559927
99.95,1,7.560377
99.95,1,7.560826
99.95,1,7.56129
99.95,1,7.561758
99.95,1,7.562209
99.95,1,7.562669
99.95,1,7.563136
99.95,1,7.56359
99.95,1,7.56404
99.95,1,7.565271
99.95,1,7.565938
99.95,1,7.566601
99.95,1,7.567249
99.95,1,7.568662
99.95,1,7.569214
99.95,1,7.569753
99.95,1,7.570232
99.95,1,7.570715
99.95,1,7.571242
99.95,1,7.571725
99.95,1,7.572191
99.95,1,7.572677
99.95,1,7.573143
99.95,1,7.573662
99.95,1,7.57413
99.95,1,7.574612
99.95,1,7.575094
99.95,1,7.575572
99.95,1,7.576028
99.95,1,7.576489
99.95,1,7.576952
99.95,1,7.57742
99.95,1,7.577879
99.95,1,7.57833
99.95,1,7.578794
99.95,1,7.590652
99.95,1,7.591161
99.95,1,7.591671
99.95,1,7.592158
99.95,1,7.592645
99.95,1,7.593126
99.95,1,7.593595
99.95,1,7.594103
99.95,1,7.594569
99.95,1,7.595039
99.95,1,7.595507
99.95,1,7.596007
99.95,1,7.596468
99.95,1,7.596937
99.95,1,7.597404
99.95,1,7.597859
99.95,1,7.59832
99.95,1,7.598788
99.95,1,7.599247
99.95,1,7.599711
99.95,1,7.600176
99.95,1,7.600641
99.95,1,7.601102
99.95,1,7.601564
99.95,1,7.602031
99.95,1,7.602499
99.95,1,7.602964
99.95,1,7.603425
99.95,1,7.60389
99.95,1,7.604339
99.95,1,7.604794
99.95,1,7.605257
99.95,1,7.605722
99.95,1,7.606194
99.95,1,7.606662
99.95,1,7.607122
99.95,1,7.60759
99.95,1,7.608056
99.95,1,7.608523
99.95,1,7.608984
99.95,1,7.60945
99.95,1,7.609914
99.95,1,7.610379
99.95,1,7.610844
99.95,1,7.611295
99.95,1,7.611863
99.95,1,7.61248
99.95,1,7.613022
99.95,1,7.613508
99.95,1,7.613989
99.95,1,7.614468
99.95,1,7.614966
99.95,1,7.615432
99.95,1,7.615901
99.95,1,7.616376
99.95,1,7.616833
99.95,1,7.617319
99.95,1,7.617794
99.95,1,7.61828
99.95,1,7.618738
99.95,1,7.619229
99.95,1,7.619708
99.95,1,7.620206
99.95,1,7.620677
99.95,1,7.621154
99.95,1,7.621613
99.95,1,7.622087
99.95,1,7.622554
99.95,1,7.623006
99.95,1,7.62351
99.95,1,7.623981
99.95,1,7.624445
99.95,1,7.624906
99.95,1,7.62537
99.95,1,7.625846
99.95,1,7.626385
99.95,1,7.626839
99.95,1,7.62736
99.95,1,7.627838
99.95,1,7.628336
99.95,1,7.628822
99.95,1,7.629315
99.95,1,7.629775
99.95,1,7.63024
99.95,1,7.630711
99.95,1,7.631173
99.95,1,7.631636
99.95,1,7.632132
99.95,1,7.632599
99.95,1,7.633061
99.95,1,7.63352
99.95,1,7.633987
99.95,1,7.634454
99.95,1,7.634919
99.95,1,7.635391
99.95,1,7.635872
99.95,1,7.636361
99.95,1,7.636834
99.95,1,7.637305
99.95,1,7.637781
99.95,1,7.638316
99.95,1,7.638798
99.95,1,7.639317
99.95,1,7.639832
99.95,1,7.640324
99.95,1,7.640795
99.95,1,7.641319
99.95,1,7.641783
99.95,1,7.642436
99.95,1,7.643105
99.95,1,7.643741
99.95,1,7.644304
99.95,1,7.644897
99.95,1,7.645429
99.95,1,7.645916
99.95,1,7.6464
99.95,1,7.646897
99.95,1,7.647375
99.95,1,7.647884
99.95,1,7.648348
99.95,1,7.648842
99.95,1,7.649309
99.95,1,7.649804
99.95,1,7.650265
99.95,1,7.650751
99.95,1,7.651217
99.95,1,7.651698
99.95,1,7.652164
99.95,1,7.652628
99.95,1,7.653094
99.95,1,7.653544
99.95,1,7.654034
99.95,1,7.654521
99.95,1,7.654985
99.95,1,7.655487
99.95,1,7.655975
99.95,1,7.656449
99.95,1,7.656926
99.95,1,7.657513
99.95,1,7.658024
99.95,1,7.658496
99.95,1,7.658949
99.95,1,7.659457
99.95,1,7.659923
99.95,1,7.660406
99.95,1,7.66087
99.95,1,7.661345
99.95,1,7.661815
99.95,1,7.662284
99.95,1,7.662748
99.95,1,7.663218
99.95,1,7.663687
99.95,1,7.664161
99.95,1,7.66461
99.95,1,7.665086
99.95,1,7.66555
99.95,1,7.666015
99.95,1,7.666491
99.95,1,7.666966
99.95,1,7.667427
99.95,1,7.667923
99.95,1,7.668409
99.95,1,7.668907
99.95,1,7.669394
99.95,1,7.669847
99.95,1,7.670314
99.95,1,7.670772
99.95,1,7.67124
99.95,1,7.671696
99.95,1,7.672385
99.95,1,7.672932
99.95,1,7.673449
99.95,1,7.673912
99.95,1,7.674415
99.95,1,7.674892
99.95,1,7.67539
99.95,1,7.675869
99.95,1,7.676343
99.95,1,7.676814
99.95,1,7.677289
99.95,1,7.677755
99.95,1,7.67823
99.95,1,7.678691
99.95,1,7.679152
99.95,1,7.679604
99.95,1,7.680069
99.95,1,7.680534
99.95,1,7.680998
99.95,1,7.681468
99.95,1,7.681931
99.95,1,7.682398
99.95,1,7.682847
99.95,1,7.683318
99.95,1,7.683781
99.95,1,7.684247
99.95,1,7.684712
99.95,1,7.685174
99.95,1,7.685635
99.95,1,7.686106
99.95,1,7.686569
99.95,1,7.687063
99.95,1,7.687545
99.95,1,7.688003
99.95,1,7.688473
99.95,1,7.688941
99.95,1,7.689397
99.95,1,7.689846
99.95,1,7.690331
99.95,1,7.690797
99.95,1,7.691264
99.95,1,7.691728
99.95,1,7.692194
99.95,1,7.692658
99.95,1,7.693119
99.95,1,7.693573
99.95,1,7.69404
99.95,1,7.694498
99.95,1,7.694962
99.95,1,7.695433
99.95,1,7.695884
99.95,1,7.696337
99.95,1,7.696805
99.95,1,7.697273
99.95,1,7.697738
99.95,1,7.698196
99.95,1,7.698656
99.95,1,7.699125
99.95,1,7.699584
99.95,1,7.700052
99.95,1,7.70052
99.95,1,7.70099
99.95,1,7.701443
99.95,1,7.701907
99.95,1,7.702533
99.95,1,7.703021
99.95,1,7.703489
99.95,1,7.703964
99.95,1,7.70443
99.95,1,7.70489
99.95,1,7.705369
99.95,1,7.705832
99.95,1,7.706302
99.95,1,7.706764
99.95,1,7.707241
99.95,1,7.707708
99.95,1,7.708164
99.95,1,7.708615
99.95,1,7.709074
99.95,1,7.70953
99.95,1,7.709986
99.95,1,7.710435
99.95,1,7.710884
99.95,1,7.711353
99.95,1,7.71182
99.95,1,7.71229
99.95,1,7.712755
99.95,1,7.713223
99.95,1,7.713685
99.95,1,7.714156
99.95,1,7.714615
99.95,1,7.715083
99.95,1,7.715549
99.95,1,7.716007
99.95,1,7.716456
99.95,1,7.716922
99.95,1,7.717387
99.95,1,7.717853
99.95,1,7.718436
99.95,1,7.718916
99.95,1,7.71939
99.95,1,7.719859
99.95,1,7.720328
99.95,1,7.720793
99.95,1,7.721264
99.95,1,7.721731
99.95,1,7.722202
99.95,1,7.722654
99.95,1,7.723115
99.95,1,7.723572
99.95,1,7.724047
99.95,1,7.724508
99.95,1,7.724971
99.95,1,7.725441
99.95,1,7.725898
99.95,1,7.726362
99.95,1,7.726825
99.95,1,7.727281
99.95,1,7.727736
99.95,1,7.728194
99.95,1,7.728655
99.95,1,7.729119
99.95,1,7.72959
99.95,1,7.730066
99.95,1,7.730529
99.95,1,7.730999
99.95,1,7.731453
99.95,1,7.731922
99.95,1,7.732383
99.95,1,7.732841
99.95,1,7.733319
99.95,1,7.73377
99.95,1,7.734276
99.95,1,7.73474
99.95,1,7.735219
99.95,1,7.735693
99.95,1,7.736165
99.95,1,7.736625
99.95,1,7.737089
99.95,1,7.737556
99.95,1,7.738019
99.95,1,7.738481
99.95,1,7.738945
99.95,1,7.739405
99.95,1,7.739879
99.95,1,7.740332
99.95,1,7.740792
99.95,1,7.741261
99.95,1,7.74171
99.95,1,7.742169
99.95,1,7.742627
99.95,1,7.743086
99.95,1,7.743548
99.95,1,7.744018
99.95,1,7.744486
99.95,1,7.744959
99.95,1,7.745409
99.95,1,7.745863
99.95,1,7.746314
99.95,1,7.746778
99.95,1,7.747241
99.95,1,7.747704
99.95,1,7.748159
99.95,1,7.748614
99.95,1,7.749083
99.95,1,7.749541
99.95,1,7.750171
99.95,1,7.750661
99.95,1,7.75115
99.95,1,7.751623
99.95,1,7.752103
99.95,1,7.752571
99.95,1,7.753046
99.95,1,7.753513
99.95,1,7.75398
99.95,1,7.754454
99.95,1,7.754925
99.95,1,7.755386
99.95,1,7.755855
99.95,1,7.756315
99.95,1,7.756779
99.95,1,7.757255
99.95,1,7.757751
99.95,1,7.758221
99.95,1,7.75869
99.95,1,7.75915
99.95,1,7.759616
99.95,1,7.760086
99.95,1,7.76055
99.95,1,7.761009
99.95,1,7.761479
99.95,1,7.761941
99.95,1,7.762397
99.95,1,7.762851
99.95,1,7.76332
99.95,1,7.763785
99.95,1,7.764234
99.95,1,7.764728
99.95,1,7.765203
99.95,1,7.765697
99.95,1,7.766158
99.95,1,7.76662
99.95,1,7.76709
99.95,1,7.76755
99.95,1,7.768022
99.95,1,7.768491
99.95,1,7.768951
99.95,1,7.769416
99.95,1,7.769879
99.95,1,7.770334
99.95,1,7.770783
99.95,1,7.771248
99.95,1,7.771719
99.95,1,7.772183
99.95,1,7.772638
99.95,1,7.773085
99.95,1,7.773539
99.95,1,7.774
99.95,1,7.774474
99.95,1,7.774926
99.95,1,7.775391
99.95,1,7.775853
99.95,1,7.776312
99.95,1,7.776766
99.95,1,7.777227
99.95,1,7.777696
99.95,1,7.778145
99.95,1,7.778607
99.95,1,7.779085
99.95,1,7.779555
99.95,1,7.780005
99.95,1,7.780525
99.95,1,7.781001
99.95,1,7.781463
99.95,1,7.781915
99.95,1,7.782373
99.95,1,7.782821
99.95,1,7.783283
99.95,1,7.783744
99.95,1,7.784203
99.95,1,7.784671
99.95,1,7.78512
99.95,1,7.785586
99.95,1,7.786054
99.95,1,7.786522
99.95,1,7.786979
99.95,1,7.787446
99.95,1,7.787907
99.95,1,7.788376
99.95,1,7.788841
99.95,1,7.789311
99.95,1,7.789762
99.95,1,7.790231
99.95,1,7.790705
99.95,1,7.79116
99.95,1,7.791619
99.95,1,7.792079
99.95,1,7.792549
99.95,1,7.793002
99.95,1,7.793462
99.95,1,7.793912
99.95,1,7.794384
99.95,1,7.794847
99.95,1,7.795322
99.95,1,7.795795
99.95,1,7.796261
99.95,1,8.614442
99.95,1,8.615024
99.95,1,8.61553
99.95,1,8.616024
99.95,1,8.616512
99.95,1,8.616991
99.95,1,8.617478
99.95,1,8.617962
99.95,1,8.618441
99.95,1,8.618929
99.95,1,8.619406
99.95,1,8.619878
99.95,1,8.620371
99.95,1,8.620893
99.95,1,8.621416
99.95,1,8.621906
99.95,1,8.622378
99.95,1,8.622844
99.95,1,8.623311
99.95,1,8.623787
99.95,1,8.624259
99.95,1,8.624725
99.95,1,8.625192
99.95,1,8.625662
99.95,1,8.626163
99.95,1,8.626677
99.95,1,8.627155
99.95,1,8.627625
99.95,1,8.628095
99.95,1,8.628583
99.95,1,8.629051
99.95,1,8.629519
99.95,1,8.629987
99.95,1,8.630464
99.95,1,8.630932
99.95,1,8.631404
99.95,1,8.631885
99.95,1,8.632369
99.95,1,8.632843
99.95,1,8.633319
99.95,1,8.633793
99.95,1,8.634286
99.95,1,8.63476
99.95,1,8.635449
99.95,1,8.636522
99.95,1,8.637465
99.95,1,8.638247
99.95,1,8.638885
99.95,1,8.639451
99.95,1,8.639981
99.95,1,8.640481
99.95,1,8.640982
99.95,1,8.641468
99.95,1,8.641951
99.95,1,8.642432
99.95,1,8.642926
99.95,1,8.643407
99.95,1,8.643887
99.95,1,8.64437
99.95,1,8.64487
99.95,1,8.645356
99.95,1,8.645838
99.95,1,8.646346
99.95,1,8.646896
99.95,1,8.647419
99.95,1,8.647927
99.95,1,8.648421
99.95,1,8.648902
99.95,1,8.649426
99.95,1,8.649928
99.95,1,8.65042
99.95,1,8.650975
99.95,1,8.651473
99.95,1,8.651965
99.95,1,8.652443
99.95,1,8.652917
99.95,1,8.653393
99.95,1,8.653877
99.95,1,8.654352
99.95,1,8.654824
99.95,1,8.655301
99.95,1,8.655776
99.95,1,8.656245
99.95,1,8.656714
99.95,1,8.657191
99.95,1,8.657683
99.95,1,8.658163
99.95,1,8.65864
99.95,1,8.659112
99.95,1,8.659615
99.95,1,8.66011
99.95,1,8.660585
99.95,1,8.661058
99.95,1,8.661529
99.95,1,8.662004
99.95,1,8.66248
99.95,1,8.662961
99.95,1,8.663441
99.95,1,8.663941
99.95,1,8.664418
99.95,1,8.664901
99.95,1,8.665379
99.95,1,8.66586
99.95,1,8.666409
99.95,1,8.6669
99.95,1,8.667375
99.95,1,8.667866
99.95,1,8.668343
99.95,1,8.668816
99.95,1,8.669285
99.95,1,8.669765
99.95,1,8.670239
99.95,1,8.670708
99.95,1,8.671179
99.95,1,8.671655
99.95,1,8.672138
99.95,1,8.672612
99.95,1,8.673108
99.95,1,8.67358
99.95,1,8.674058
99.95,1,8.674532
99.95,1,8.675034
99.95,1,8.675522
99.95,1,8.676002
99.95,1,8.676497
99.95,1,8.676981
99.95,1,8.67746
99.95,1,8.677944
99.95,1,8.678416
99.95,1,8.678888
99.95,1,8.679362
99.95,1,8.679838
99.95,1,8.680313
99.95,1,8.680867
99.95,1,8.681387
99.95,1,8.681892
99.95,1,8.682376
99.95,1,8.682852
99.95,1,8.683325
99.95,1,8.683809
99.95,1,8.684285
99.95,1,8.684758
99.95,1,8.685229
99.95,1,8.685704
99.95,1,8.686184
99.95,1,8.686655
99.95,1,8.687132
99.95,1,8.687605
99.95,1,8.688082
99.95,1,8.688553
99.95,1,8.689099
99.95,1,8.689594
99.95,1,8.690081
99.95,1,8.690558
99.95,1,8.691031
99.95,1,8.69151
99.95,1,8.691998
99.95,1,8.692482
99.95,1,8.692955
99.95,1,8.693428
99.95,1,8.6939
99.95,1,8.694372
99.95,1,8.694885
99.95,1,8.695362
99.95,1,8.69584
99.95,1,8.696312
99.95,1,8.696824
99.95,1,8.697335
99.95,1,8.697829
99.95,1,8.698304
99.95,1,8.698776
99.95,1,8.699252
99.95,1,8.699735
99.95,1,8.700212
99.95,1,8.700681
99.95,1,8.701151
99.95,1,8.701626
99.95,1,8.702105
99.95,1,8.702576
99.95,1,8.703043
99.95,1,8.703515
99.95,1,8.70399
99.95,1,8.704461
99.95,1,8.704932
99.95,1,8.705408
99.95,1,8.705884
99.95,1,8.706351
99.95,1,8.706826
99.95,1,8.707299
99.95,1,8.70777
99.95,1,8.708242
99.95,1,8.708711
99.95,1,8.709179
99.95,1,8.709648
99.95,1,8.710127
99.95,1,8.710601
99.95,1,8.711077
99.95,1,8.71155
99.95,1,8.712058
99.95,1,8.712545
99.95,1,8.713021
99.95,1,8.714202
99.95,1,8.714742
99.95,1,8.71524
99.95,1,8.715727
99.95,1,8.716211
99.95,1,8.716713
99.95,1,8.717211
99.95,1,8.717698
99.95,1,8.718188
99.95,1,8.718671
99.95,1,8.719151
99.95,1,8.719625
99.95,1,8.720101
99.95,1,8.720573
99.95,1,8.721048
99.95,1,8.721523
99.95,1,8.721998
99.95,1,8.722469
99.95,1,8.722938
99.95,1,8.723406
99.95,1,8.723885
99.95,1,8.724385
99.95,1,8.724854
99.95,1,8.725323
99.95,1,8.725791
99.95,1,8.726262
99.95,1,8.72674
99.95,1,8.727245
99.95,1,8.72773
99.95,1,8.728203
99.95,1,8.728673
99.95,1,8.729146
99.95,1,8.729617
99.95,1,8.730091
99.95,1,8.730559
99.95,1,8.731028
99.95,1,8.731498
99.95,1,8.731973
99.95,1,8.732444
99.95,1,8.732911
99.95,1,8.733378
99.95,1,8.733847
99.95,1,8.734322
99.95,1,8.734791
99.95,1,8.73526
99.95,1,8.735727
99.95,1,8.736198
99.95,1,8.736665
99.95,1,8.737131
99.95,1,8.737598
99.95,1,8.738071
99.95,1,8.738555
99.95,1,8.739034
99.95,1,8.739503
99.95,1,8.739977
99.95,1,8.740443
99.95,1,8.740912
99.95,1,8.741384
99.95,1,8.741858
99.95,1,8.742332
99.95,1,8.742814
99.95,1,8.743282
99.95,1,8.743751
99.95,1,8.744229
99.95,1,8.744702
99.95,1,8.745172
99.95,1,8.745641
99.95,1,8.746112
99.95,1,8.746579
99.95,1,8.747045
99.95,1,8.747512
99.95,1,8.747986
99.95,1,8.748456
99.95,1,8.748926
99.95,1,8.749395
99.95,1,8.749867
99.95,1,8.75034
99.95,1,8.750807
99.95,1,8.751272
99.95,1,8.751739
99.95,1,8.752209
99.95,1,8.752677
99.95,1,8.753144
99.95,1,8.753617
99.95,1,8.754089
99.95,1,8.754554
99.95,1,8.75504
99.95,1,8.755512
99.95,1,8.755985
99.95,1,8.756454
99.95,1,8.756931
99.95,1,8.757399
99.95,1,8.757935
99.95,1,8.758501
99.95,1,8.75906
99.95,1,8.759622
99.95,1,8.76019
99.95,1,8.76075
99.95,1,8.761309
99.95,1,8.761868
99.95,1,8.76243
99.95,1,8.762993
99.95,1,8.763556
99.95,1,8.764117
99.95,1,8.764675
99.95,1,8.765235
99.95,1,8.765796
99.95,1,8.766358
99.95,1,8.766917
99.95,1,8.767478
99.95,1,8.768038
99.95,1,8.768595
99.95,1,8.769152
99.95,1,8.769711
99.95,1,8.770273
99.95,1,8.770833
99.95,1,8.771391
99.95,1,8.77195
99.95,1,8.772511
99.95,1,8.773075
99.95,1,8.773638
99.95,1,8.77427
99.95,1,8.774807
99.95,1,8.775307
99.95,1,8.775796
99.95,1,8.776275
99.95,1,8.776745
99.95,1,8.777214
99.95,1,8.777694
99.95,1,8.778171
99.95,1,8.778638
99.95,1,8.779101
99.95,1,8.779561
99.95,1,8.780027
99.95,1,8.780496
99.95,1,8.780961
99.95,1,8.781425
99.95,1,8.78189
99.95,1,8.782359
99.95,1,8.782823
99.95,1,8.783285
99.95,1,8.783745
99.95,1,8.784221
99.95,1,8.784694
99.95,1,8.785158
99.95,1,8.785622
99.95,1,8.786096
99.95,1,8.786562
99.95,1,8.787024
99.95,1,8.787486
99.95,1,8.787957
99.95,1,8.788618
99.95,1,8.78925
99.95,1,8.789853
99.95,1,8.790448
99.95,1,8.791032
99.95,1,8.791613
99.95,1,8.7922
99.95,1,8.792782
99.95,1,8.793359
99.95,1,8.793925
99.95,1,8.794495
99.95,1,8.79507
99.95,1,8.795642
99.95,1,8.79621
99.95,1,8.796777
99.95,1,8.797352
99.95,1,8.797915
99.95,1,8.79848
99.95,1,8.79905
99.95,1,8.79962
99.95,1,8.800185
99.95,1,8.800744
99.95,1,8.801317
99.95,1,8.801883
99.95,1,8.802447
99.95,1,8.803011
99.95,1,8.803591
99.95,1,8.804162
99.95,1,8.804725
99.95,1,8.805291
99.95,1,8.805854
99.95,1,8.806418
99.95,1,8.806994
99.95,1,8.807571
99.95,1,8.808083
99.95,1,8.808573
99.95,1,8.809069
99.95,1,8.809545
99.95,1,8.81003
99.95,1,8.810508
99.95,1,8.810984
99.95,1,8.81145
99.95,1,8.811913
99.95,1,8.812376
99.95,1,8.812846
99.95,1,8.813317
99.95,1,8.813781
99.95,1,8.814243
99.95,1,8.814725
99.95,1,8.815207
99.95,1,8.815677
99.95,1,8.816141
99.95,1,8.816605
99.95,1,8.817078
99.95,1,8.817542
99.95,1,8.818006
99.95,1,8.818474
99.95,1,8.818942
99.95,1,8.819402
99.95,1,8.819862
99.95,1,8.820322
99.95,1,8.820781
99.95,1,8.821249
99.95,1,8.821711
99.95,1,8.822173
99.95,1,8.822634
99.95,1,8.823096
99.95,1,8.823565
99.95,1,8.824029
99.95,1,8.824489
99.95,1,8.824952
99.95,1,8.825413
99.95,1,8.825881
99.95,1,8.826344
99.95,1,8.826805
99.95,1,8.82727
99.95,1,8.827732
99.95,1,8.828196
99.95,1,8.828658
99.95,1,8.829122
99.95,1,8.829581
99.95,1,8.830041
99.95,1,8.830501
99.95,1,8.830973
99.95,1,8.831438
99.95,1,8.831901
99.95,1,8.832363
99.95,1,8.832828
99.95,1,8.833297
99.95,1,8.833759
99.95,1,8.834219
99.95,1,8.834688
99.95,1,8.835196
99.95,1,8.835673
99.95,1,8.836137
99.95,1,8.836598
99.95,1,8.837063
99.95,1,8.837524
99.95,1,8.837982
99.95,1,8.83844
99.95,1,8.838907
99.95,1,8.839374
99.95,1,8.839836
99.95,1,8.840296
99.95,1,8.840756
99.95,1,8.841219
99.95,1,8.841678
99.95,1,8.842138
99.95,1,8.842601
99.95,1,8.843066
99.95,1,8.84353
99.95,1,8.843994
99.95,1,8.844457
99.95,1,8.844942
99.95,1,8.845416
99.95,1,8.845881
99.95,1,8.846344
99.95,1,8.846805
99.95,1,8.84727
99.95,1,8.847736
99.95,1,8.848201
99.95,1,8.848661
99.95,1,8.849125
99.95,1,8.849584
99.95,1,8.850043
99.95,1,8.850504
99.95,1,8.850995
99.95,1,8.851462
99.95,1,8.851922
99.95,1,8.852395
99.95,1,8.852865
99.95,1,8.853331
99.95,1,8.853793
99.95,1,8.854253
99.95,1,8.854719
99.95,1,8.855186
99.95,1,8.855648
99.95,1,8.856108
99.95,1,8.856568
99.95,1,8.857031
99.95,1,8.857492
99.95,1,8.85795
99.95,1,8.858412
99.95,1,8.858875
99.95,1,8.859337
99.95,1,8.859797
99.95,1,8.860256
99.95,1,8.860721
99.95,1,8.861187
99.95,1,8.861648
99.95,1,8.862111
99.95,1,8.862571
99.95,1,8.863031
99.95,1,8.863499
99.95,1,8.863959
99.95,1,8.86442
99.95,1,8.864881
99.95,1,8.865344
99.95,1,8.865805
99.95,1,8.866276
99.95,1,8.866718
99.95,1,8.867179
99.95,1,8.867619
99.95,1,8.868072
99.95,1,8.868525
99.95,1,8.868968
99.95,1,8.869429
99.95,1,8.869871
99.95,1,8.870326
99.95,1,8.87078
99.95,1,8.871247
99.95,1,8.871691
99.95,1,8.872134
99.95,1,8.872591
99.95,1,8.873032
99.95,1,8.873492
99.95,1,8.873932
99.95,1,8.874402
99.95,1,8.874871
99.95,1,8.875338
99.95,1,8.875782
99.95,1,8.876226
99.95,1,8.876689
99.95,1,8.877135
99.95,1,8.877592
99.95,1,8.878035
99.95,1,8.878491
99.95,1,8.878937
99.95,1,8.879383
99.95,1,8.879839
99.95,1,8.88028
99.95,1,8.880741
99.95,1,8.881186
99.95,1,8.881697
99.95,1,8.882202
99.95,1,8.882648
99.95,1,8.883106
99.95,1,8.883579
99.95,1,8.88403
99.95,1,8.884486
99.95,1,8.884946
99.95,1,8.885392
99.95,1,8.885841
99.95,1,8.886289
99.95,1,8.886729
99.95,1,8.88719
99.95,1,8.88764
99.95,1,8.888098
99.95,1,8.888542
99.95,1,8.888993
99.95,1,8.889442
99.95,1,8.889884
99.95,1,8.890348
99.95,1,8.89079
99.95,1,8.891232
99.95,1,8.891671
99.95,1,8.892117
99.95,1,8.892562
99.95,1,8.893003
99.95,1,8.893445
99.95,1,8.893898
99.95,1,8.894353
99.95,1,8.894793
99.95,1,8.895238
99.95,1,8.895678
99.95,1,8.896131
99.95,1,8.896584
99.95,1,8.897023
99.95,1,8.897508
99.95,1,8.897969
99.95,1,8.898424
99.95,1,8.898866
99.95,1,8.89931
99.95,1,8.899763
99.95,1,8.900223
99.95,1,8.90067
99.95,1,8.90111
99.95,1,8.901553
99.95,1,8.901995
99.95,1,8.90245
99.95,1,8.902906
99.95,1,8.903353
99.95,1,8.903794
99.95,1,8.904235
99.95,1,8.90468
99.95,1,8.905136
99.95,1,8.90559
99.95,1,8.906044
99.95,1,8.906489
99.95,1,8.906949
99.95,1,8.907393
99.95,1,8.907834
99.95,1,8.908273
99.95,1,8.908714
99.95,1,8.909165
99.95,1,8.909622
99.95,1,8.910064
99.95,1,8.910506
99.95,1,8.910947
99.95,1,8.911391
99.95,1,8.911831
99.95,1,8.912271
99.95,1,8.912713
99.95,1,8.913164
99.95,1,8.913675
99.95,1,8.91413
99.95,1,8.914575
99.95,1,8.915017
99.95,1,8.915468
99.95,1,8.915917
99.95,1,8.91636
99.95,1,8.916803
99.95,1,8.917247
99.95,1,8.917706
99.95,1,8.918164
99.95,1,8.918606
99.95,1,8.919048
99.95,1,8.919491
99.95,1,8.91993
99.95,1,8.920371
99.95,1,8.92081
99.95,1,8.921252
99.95,1,8.921696
99.95,1,8.922148
99.95,1,8.922603
99.95,1,8.923061
99.95,1,8.923506
99.95,1,8.923955
99.95,1,8.924407
99.95,1,8.924849
99.95,1,8.925294
99.95,1,8.925737
99.95,1,8.926178
99.95,1,8.926617
99.95,1,8.927057
99.95,1,8.927501
99.95,1,8.92794
99.95,1,8.928383
99.95,1,8.928824
99.95,1,8.929307
99.95,1,8.929747
99.95,1,8.930187
99.95,1,8.930627
99.95,1,8.93107
99.95,1,8.931514
99.95,1,8.931953
99.95,1,8.932403
99.95,1,8.932856
99.95,1,8.933298
99.95,1,8.93375
99.95,1,8.934206
99.95,1,8.934665
99.95,1,8.935107
99.95,1,8.935554
99.95,1,8.935995
99.95,1,8.936434
99.95,1,8.936873
99.95,1,8.937319
99.95,1,8.937773
99.95,1,8.938229
99.95,1,8.938671
99.95,1,8.939111
99.95,1,8.939554
99.95,1,8.939994
99.95,1,8.940435
99.95,1,8.940897
99.95,1,8.941341
99.95,1,8.941783
99.95,1,8.942224
99.95,1,8.942663
99.95,1,8.943103
99.95,1,8.943544
99.95,1,8.943987
99.95,1,8.944427
99.95,1,8.944917
99.95,1,8.945366
99.95,1,8.945808
99.95,1,8.946253
99.95,1,8.946713
99.95,1,8.947171
99.95,1,8.947618
99.95,1,8.948063
99.95,1,8.948508
99.95,1,8.948951
99.95,1,8.949395
99.95,1,8.949836
99.95,1,8.95028
99.95,1,8.950726
99.95,1,8.951166
99.95,1,8.951616
99.95,1,8.952072
99.95,1,8.952527
99.95,1,8.95298
99.95,1,8.953444
99.95,1,8.953888
99.95,1,8.954342
99.95,1,8.954796
99.95,1,8.955234
99.95,1,8.95568
99.95,1,8.956131
99.95,1,8.956573
99.95,1,8.957015
99.95,1,8.957477
99.95,1,8.957917
99.95,1,8.958356
99.95,1,8.958802
99.95,1,8.959261
99.95,1,8.959716
99.95,1,8.960314
99.95,1,8.960812
99.95,1,8.961417
99.95,1,8.962415
99.95,1,8.963344
99.95,1,8.964143
99.95,1,8.965105
99.95,1,8.965762
99.95,1,8.966392
99.95,1,8.966888
99.95,1,8.967392
99.95,1,8.967881
99.95,1,8.968377
99.95,1,8.968847
99.95,1,8.969324
99.95,1,8.96979
99.95,1,8.970275
99.95,1,8.970735
99.95,1,8.971209
99.95,1,8.971661
99.95,1,8.972141
99.95,1,8.972614
99.95,1,8.973093
99.95,1,8.973557
99.95,1,8.974024
99.95,1,8.974485
99.95,1,8.974972
99.95,1,8.975489
99.95,1,8.975969
99.95,1,8.976431
99.95,1,8.976888
99.95,1,8.977373
99.95,1,8.977836
99.95,1,8.978321
99.95,1,8.978793
99.95,1,8.979266
99.95,1,8.979717
99.95,1,8.980185
99.95,1,8.980654
99.95,1,8.981129
99.95,1,8.98159
99.95,1,8.982056
99.95,1,8.982525
99.95,1,8.983004
99.95,1,8.983466
99.95,1,8.983943
99.95,1,8.984399
99.95,1,8.984857
99.95,1,8.985339
99.95,1,8.985796
99.95,1,8.986258
99.95,1,8.986715
99.95,1,8.987185
99.95,1,8.98765
99.95,1,8.988122
99.95,1,8.988572
99.95,1,8.989043
99.95,1,8.989493
99.95,1,8.989965
99.95,1,8.990431
99.95,1,8.99088
99.95,1,8.991426
99.95,1,8.991885
99.95,1,8.992372
99.95,1,8.992832
99.95,1,8.993301
99.95,1,8.993754
99.95,1,8.99423
99.95,1,8.99469
99.95,1,8.995202
99.95,1,8.99567
99.95,1,8.996158
99.95,1,8.996623
99.95,1,8.997104
99.95,1,8.997564
99.95,1,8.998034
99.95,1,8.998497
99.95,1,8.998963
99.95,1,8.999421
99.95,1,8.999884
99.95,1,9.000349
99.95,1,9.00081
99.95,1,9.001291
99.95,1,9.001748
99.95,1,9.002231
99.95,1,9.002689
99.95,1,9.003152
99.95,1,9.003618
99.95,1,9.004096
99.95,1,9.004547
99.95,1,9.005038
99.95,1,9.00549
99.95,1,9.006176
99.95,1,9.006666
99.95,1,9.007141
99.95,1,9.007601
99.95,1,9.008065
99.95,1,9.008536
99.95,1,9.009018
99.95,1,9.009471
99.95,1,9.009937
99.95,1,9.010401
99.95,1,9.010871
99.95,1,9.011336
99.95,1,9.011801
99.95,1,9.012282
99.95,1,9.012738
99.95,1,9.013205
99.95,1,9.013653
99.95,1,9.014137
99.95,1,9.014603
99.95,1,9.015075
99.95,1,9.015538
99.95,1,9.016007
99.95,1,9.01647
99.95,1,9.016937
99.95,1,9.017396
99.95,1,9.017865
99.95,1,9.018323
99.95,1,9.018788
99.95,1,9.019272
99.95,1,9.019719
99.95,1,9.020203
99.95,1,9.020668
99.95,1,9.021135
99.95,1,9.021585
99.95,1,9.022106
99.95,1,9.022584
99.95,1,9.023076
99.95,1,9.023541
99.95,1,9.024022
99.95,1,9.024476
99.95,1,9.024954
99.95,1,9.025419
99.95,1,9.025882
99.95,1,9.026334
99.95,1,9.026809
99.95,1,9.027281
99.95,1,9.027734
99.95,1,9.0282
99.95,1,9.028658
99.95,1,9.029128
99.95,1,9.029596
99.95,1,9.030055
99.95,1,9.030514
99.95,1,9.030982
99.95,1,9.031453
99.95,1,9.031913
99.95,1,9.032373
99.95,1,9.032835
99.95,1,9.033308
99.95,1,9.033767
99.95,1,9.034234
99.95,1,9.034692
99.95,1,9.035164
99.95,1,9.035626
99.95,1,9.036095
99.95,1,9.036545
99.95,1,9.037016
99.95,1,9.037477
99.95,1,9.037987
99.95,1,9.038466
99.95,1,9.038928
99.95,1,9.039379
99.95,1,9.039835
99.95,1,9.040295
99.95,1,9.040761
99.95,1,9.041232
99.95,1,9.041685
99.95,1,9.04214
99.95,1,9.042604
99.95,1,9.04307
99.95,1,9.043527
99.95,1,9.044
99.95,1,9.044467
99.95,1,9.044934
99.95,1,9.045397
99.95,1,9.045858
99.95,1,9.046324
99.95,1,9.046792
99.95,1,9.04724
99.95,1,9.047698
99.95,1,9.048159
99.95,1,9.048617
99.95,1,9.049087
99.95,1,9.049539
99.95,1,9.049994
99.95,1,9.050453
99.95,1,9.050925
99.95,1,9.051377
99.95,1,9.051831
99.95,1,9.05229
99.95,1,9.052757
99.95,1,9.053214
99.95,1,9.053675
99.95,1,9.054188
99.95,1,9.054651
99.95,1,9.055133
99.95,1,9.055599
99.95,1,9.05607
99.95,1,9.056522
99.95,1,9.056998
99.95,1,9.057457
99.95,1,9.057925
99.95,1,9.058386
99.95,1,9.058857
99.95,1,9.059328
99.95,1,9.059778
99.95,1,9.06023
99.95,1,9.060698
99.95,1,9.061162
99.95,1,9.061627
99.95,1,9.062088
99.95,1,9.062563
99.95,1,9.063015
99.95,1,9.06347
99.95,1,9.063923
99.95,1,9.064396
99.95,1,9.064861
99.95,1,9.065341
99.95,1,9.065794
99.95,1,9.066249
99.95,1,9.066709
99.95,1,9.067171
99.95,1,9.067625
99.95,1,9.068085
99.95,1,9.068561
99.95,1,9.069024
99.95,1,9.069542
99.95,1,9.070024
99.95,1,9.070508
99.95,1,9.070974
99.95,1,9.071441
99.95,1,9.071908
99.95,1,9.07239
99.95,1,9.072843
99.95,1,9.073316
99.95,1,9.073776
99.95,1,9.074238
99.95,1,9.07471
99.95,1,9.075177
99.95,1,9.075648
99.95,1,9.076109
99.95,1,9.076578
99.95,1,9.077029
99.95,1,9.077498
99.95,1,9.07796
99.95,1,9.078441
99.95,1,9.078937
99.95,1,9.079403
99.95,1,9.07986
99.95,1,9.080328
99.95,1,9.080831
99.95,1,9.081311
99.95,1,9.081787
99.95,1,9.082276
99.95,1,9.082733
99.95,1,9.083194
99.95,1,9.083661
99.95,1,9.084112
99.95,1,9.084655
99.95,1,9.085116
99.95,1,9.085596
99.95,1,9.086051
99.95,1,9.086556
99.95,1,9.087008
99.95,1,9.087495
99.95,1,9.087964
99.95,1,9.088465
99.95,1,9.088927
99.95,1,9.089392
99.95,1,9.089849
99.95,1,9.090317
99.95,1,9.090784
99.95,1,9.091272
99.95,1,9.09176
99.95,1,9.092238
99.95,1,9.092706
99.95,1,9.093183
99.95,1,9.09365
99.95,1,9.094111
99.95,1,9.094593
99.95,1,9.095058
99.95,1,9.095526
99.95,1,9.09599
99.95,1,9.096462
99.95,1,9.096928
99.95,1,9.097419
99.95,1,9.097906
99.95,1,9.098443
99.95,1,9.098913
99.95,1,9.099448
99.95,1,9.100015
99.95,1,9.100678
99.95,1,9.101263
99.95,1,9.101766
99.95,1,9.102288
99.95,1,9.102762
99.95,1,9.103234
99.95,1,9.103697
99.95,1,9.104163
99.95,1,9.104627
99.95,1,9.105091
99.95,1,9.105567
99.95,1,9.106046
99.95,1,9.106546
99.95,1,9.107023
99.95,1,9.107516
99.95,1,9.107993
99.95,1,9.108469
99.95,1,9.108933
99.95,1,9.109413
99.95,1,9.110017
99.95,1,9.110512
99.95,1,9.110984
99.95,1,9.111479
99.95,1,9.111953
99.95,1,9.112429
99.95,1,9.112897
99.95,1,9.113372
99.95,1,9.113834
99.95,1,9.114375
99.95,1,9.114877
99.95,1,9.11536
99.95,1,9.115815
99.95,1,9.116282
99.95,1,9.116749
99.95,1,9.117223
99.95,1,9.117687
99.95,1,9.11816
99.95,1,9.118623
99.95,1,9.119096
99.95,1,9.119559
99.95,1,9.120019
99.95,1,9.120493
99.95,1,9.120951
99.95,1,9.121424
99.95,1,9.121875
99.95,1,9.122353
99.95,1,9.122821
99.95,1,9.123294
99.95,1,9.123777
99.95,1,9.124251
99.95,1,9.124736
99.95,1,9.125204
99.95,1,9.12568
99.95,1,9.126145
99.95,1,9.126683
99.95,1,9.127147
99.95,1,9.1276
99.95,1,9.128056
99.95,1,9.128518
99.95,1,9.128987
99.95,1,9.12946
99.95,1,9.12992
99.95,1,9.130392
99.95,1,9.130844
99.95,1,9.131315
99.95,1,9.131778
99.95,1,9.132249
99.95,1,9.132697
99.95,1,9.13315
99.95,1,9.13361
99.95,1,9.134084
99.95,1,9.134535
99.95,1,9.134995
99.95,1,9.135456
99.95,1,9.135911
99.95,1,9.136378
99.95,1,9.136837
99.95,1,9.137305
99.95,1,9.137757
99.95,1,9.138213
99.95,1,9.13866
99.95,1,9.139116
99.95,1,9.139572
99.95,1,9.140039
99.95,1,9.140513
99.95,1,9.140966
99.95,1,9.141422
99.95,1,9.141881
99.95,1,9.142342
99.95,1,9.142804
99.95,1,9.143281
99.95,1,9.143744
99.95,1,9.144331
99.95,1,9.144792
99.95,1,9.145299
99.95,1,9.145762
99.95,1,9.146227
99.95,1,9.146691
99.95,1,9.147158
99.95,1,9.147615
99.95,1,9.148092
99.95,1,9.148558
99.95,1,9.149021
99.95,1,9.149477
99.95,1,9.149935
99.95,1,9.150405
99.95,1,9.150859
99.95,1,9.151313
99.95,1,9.151772
99.95,1,9.152244
99.95,1,9.152697
99.95,1,9.153174
99.95,1,9.153632
99.95,1,9.154089
99.95,1,9.154539
99.95,1,9.155003
99.95,1,9.15546
99.95,1,9.155922
99.95,1,9.156379
99.95,1,9.156826
99.95,1,9.157325
99.95,1,9.157789
99.95,1,9.158262
99.95,1,9.158717
99.95,1,9.15918
99.95,1,9.159713
99.95,1,9.160179
99.95,1,9.160646
99.95,1,9.161112
99.95,1,9.161584
99.95,1,9.16204
99.95,1,9.162512
99.95,1,9.162973
99.95,1,9.16343
99.95,1,9.1639
99.95,1,9.164349
99.95,1,9.164808
99.95,1,9.165258
99.95,1,9.16572
99.95,1,9.166186
99.95,1,9.166653
99.95,1,9.167116
99.95,1,9.167579
99.95,1,9.168042
99.95,1,9.168514
99.95,1,9.168963
99.95,1,9.169412
99.95,1,9.169865
99.95,1,9.170327
99.95,1,9.170797
99.95,1,9.171248
99.95,1,9.171704
99.95,1,9.172162
99.95,1,9.172627
99.95,1,9.173097
99.95,1,9.173587
99.95,1,9.174043
99.95,1,9.174518
99.95,1,9.174981
99.95,1,9.175458
99.95,1,9.175971
99.95,1,9.176448
99.95,1,9.176905
99.95,1,9.177366
99.95,1,9.177835
99.95,1,9.17829
99.95,1,9.178749
99.95,1,9.17921
99.95,1,9.179678
99.95,1,9.180128
99.95,1,9.180583
99.95,1,9.181036
99.95,1,9.181494
99.95,1,9.181942
99.95,1,9.182406
99.95,1,9.182869
99.95,1,9.183321
99.95,1,9.183787
99.95,1,9.18425
99.95,1,9.184704
99.95,1,9.185168
99.95,1,9.185639
99.95,1,9.186088
99.95,1,9.186553
99.95,1,9.187014
99.95,1,9.187479
99.95,1,9.187939
99.95,1,9.188417
99.95,1,9.188884
99.95,1,9.189352
99.95,1,9.189808
99.95,1,9.190258
99.95,1,9.190806
99.95,1,9.191272
99.95,1,9.191797
99.95,1,9.192274
99.95,1,9.192749
99.95,1,9.193246
99.95,1,9.193719
99.95,1,9.194185
99.95,1,9.194651
99.95,1,9.195116
99.95,1,9.195593
99.95,1,9.196071
99.95,1,9.196541
99.95,1,9.19699
99.95,1,9.197451
99.95,1,9.197904
99.95,1,9.198353
99.95,1,9.198808
99.95,1,9.199273
99.95,1,9.199741
99.95,1,9.200193
99.95,1,9.200664
99.95,1,9.201127
99.95,1,9.201597
99.95,1,9.202057
99.95,1,9.20253
99.95,1,9.20298
99.95,1,9.203446
99.95,1,9.203907
99.95,1,9.204381
99.95,1,9.204847
99.95,1,9.205313
99.95,1,9.205785
99.95,1,9.206236
99.95,1,9.206837
99.95,1,9.207345
99.95,1,9.207822
99.95,1,9.208288
99.95,1,9.208755
99.95,1,9.209232
99.95,1,9.209701
99.95,1,9.210153
99.95,1,9.210623
99.95,1,9.211093
99.95,1,9.211568
99.95,1,9.212031
99.95,1,9.212497
99.95,1,9.21296
99.95,1,9.213419
99.95,1,9.213893
99.95,1,9.214344
99.95,1,9.214796
99.95,1,9.21525
99.95,1,9.215709
99.95,1,9.216161
99.95,1,9.216616
99.95,1,9.217081
99.95,1,9.217557
99.95,1,9.218017
99.95,1,9.218468
99.95,1,9.218925
99.95,1,9.219376
99.95,1,9.219844
99.95,1,9.220305
99.95,1,9.220773
99.95,1,9.221229
99.95,1,9.221732
99.95,1,9.222187
99.95,1,9.222668
99.95,1,9.223134
99.95,1,9.223604
99.95,1,9.224065
99.95,1,9.224527
99.95,1,9.224986
99.95,1,9.22545
99.95,1,9.225914
99.95,1,9.226374
99.95,1,9.226842
99.95,1,9.227294
99.95,1,9.227746
99.95,1,9.228198
99.95,1,9.228667
99.95,1,9.229134
99.95,1,9.229604
99.95,1,9.230072
99.95,1,9.230522
99.95,1,9.230979
99.95,1,9.231438
99.95,1,9.23191
99.95,1,9.23236
99.95,1,9.232814
99.95,1,9.23328
99.95,1,9.233751
99.95,1,9.234213
99.95,1,9.234701
99.95,1,9.235186
99.95,1,9.235658
99.95,1,9.236127
99.95,1,9.236591
99.95,1,9.237072
99.95,1,9.237526
99.95,1,9.238134
99.95,1,9.238782
99.95,1,9.239383
99.95,1,9.239879
99.95,1,9.240361
99.95,1,9.240836
99.95,1,9.241294
99.95,1,9.241762
99.95,1,9.242227
99.95,1,9.242688
99.95,1,9.243191
99.95,1,9.243663
99.95,1,9.244135
99.95,1,9.244585
99.95,1,9.245074
99.95,1,9.245539
99.95,1,9.246015
99.95,1,9.246465
99.95,1,9.246917
99.95,1,9.247375
99.95,1,9.247832
99.95,1,9.248286
99.95,1,9.248751
99.95,1,9.249221
99.95,1,9.249686
99.95,1,9.25014
99.95,1,9.2506
99.95,1,9.251075
99.95,1,9.251543
99.95,1,9.251999
99.95,1,9.252446
99.95,1,9.252906
99.95,1,9.253364
99.95,1,9.253881
99.95,1,9.254361
99.95,1,9.254826
99.95,1,9.255295
99.95,1,9.255776
99.95,1,9.256254
99.95,1,9.256722
99.95,1,9.257193
99.95,1,9.257656
99.95,1,9.258116
99.95,1,9.25858
99.95,1,9.259048
99.95,1,9.25951
99.95,1,9.260009
99.95,1,9.260484
99.95,1,9.260951
99.95,1,9.261411
99.95,1,9.261861
99.95,1,9.262313
99.95,1,9.26277
99.95,1,9.263235
99.95,1,9.263698
99.95,1,9.264158
99.95,1,9.264652
99.95,1,9.265121
99.95,1,9.265587
99.95,1,9.266046
99.95,1,9.266506
99.95,1,9.26697
99.95,1,9.267445
99.95,1,9.26791
99.95,1,9.268366
99.95,1,9.268825
99.95,1,9.26929
99.95,1,9.269834
99.95,1,9.270314
99.95,1,9.270794
99.95,1,9.271251
99.95,1,9.271707
99.95,1,9.272177
99.95,1,9.272646
99.95,1,9.2731
99.95,1,9.273565
99.95,1,9.274029
99.95,1,9.274482
99.95,1,9.274938
99.95,1,9.275393
99.95,1,9.275859
99.95,1,9.276339
99.95,1,9.276794
99.95,1,9.27725
99.95,1,9.277707
99.95,1,9.278171
99.95,1,9.278635
99.95,1,9.279094
99.95,1,9.279573
99.95,1,9.280035
99.95,1,9.280501
99.95,1,9.280962
99.95,1,9.281431
99.95,1,9.281892
99.95,1,9.282354
99.95,1,9.282836
99.95,1,9.283299
99.95,1,9.283776
99.95,1,9.284229
99.95,1,9.28473
99.95,1,9.285326
99.95,1,9.285877
99.95,1,9.286367
99.95,1,9.286863
99.95,1,9.287339
99.95,1,9.287839
99.95,1,9.288297
99.95,1,9.288762
99.95,1,9.289221
99.95,1,9.289675
99.95,1,9.290148
99.95,1,9.290601
99.95,1,9.291058
99.95,1,9.291512
99.95,1,9.291968
99.95,1,9.292424
99.95,1,9.292877
99.95,1,9.29333
99.95,1,9.293788
99.95,1,9.294241
99.95,1,9.294701
99.95,1,9.295192
99.95,1,9.295661
99.95,1,9.296126
99.95,1,9.29659
99.95,1,9.297039
99.95,1,9.297493
99.95,1,9.297959
99.95,1,9.298425
99.95,1,9.298874
99.95,1,9.29932
99.95,1,9.299771
99.95,1,9.30027
99.95,1,9.300762
99.95,1,9.301212
99.95,1,9.30166
99.95,1,9.302112
99.95,1,9.302565
99.95,1,9.303017
99.95,1,9.303466
99.95,1,9.303928
99.95,1,9.304386
99.95,1,9.304851
99.95,1,9.305302
99.95,1,9.305749
99.95,1,9.3062
99.95,1,9.306661
99.95,1,9.307126
99.95,1,9.307578
99.95,1,9.308035
99.95,1,9.308482
99.95,1,9.30895
99.95,1,9.309416
99.95,1,9.309868
99.95,1,9.310318
99.95,1,9.310766
99.95,1,9.31123
99.95,1,9.311692
99.95,1,9.312145
99.95,1,9.312593
99.95,1,9.313039
99.95,1,9.313487
99.95,1,9.313943
99.95,1,9.314404
99.95,1,9.314866
99.95,1,9.31532
99.95,1,9.31577
99.95,1,9.316365
99.95,1,9.317031
99.95,1,9.317779
99.95,1,9.318249
99.95,1,9.318708
99.95,1,9.319173
99.95,1,9.31964
99.95,1,9.320106
99.95,1,9.320575
99.95,1,9.321044
99.95,1,9.321527
99.95,1,9.321991
99.95,1,9.322449
99.95,1,9.322932
99.95,1,9.32344
99.95,1,9.323929
99.95,1,9.324404
99.95,1,9.324879
99.95,1,9.325352
99.95,1,9.325824
99.95,1,9.326291
99.95,1,9.326741
99.95,1,9.3272
99.95,1,9.327666
99.95,1,9.328122
99.95,1,9.328583
99.95,1,9.329043
99.95,1,9.329502
99.95,1,9.329974
99.95,1,9.330425
99.95,1,9.330872
99.95,1,9.331317
99.95,1,9.331808
99.95,1,9.332279
99.95,1,9.33273
99.95,1,9.333189
99.95,1,9.333652
99.95,1,9.334106
99.95,1,9.334564
99.95,1,9.335025
99.95,1,9.335472
99.95,1,9.335923
99.95,1,9.336377
99.95,1,9.336838
99.95,1,9.337298
99.95,1,9.33775
99.95,1,9.338201
99.95,1,9.338658
99.95,1,9.339117
99.95,1,9.339581
99.95,1,9.340034
99.95,1,9.340499
99.95,1,9.340957
99.95,1,9.341417
99.95,1,9.341865
99.95,1,9.34232
99.95,1,9.342768
99.95,1,9.343215
99.95,1,9.34366
99.95,1,9.344112
99.95,1,9.344559
99.95,1,9.345012
99.95,1,9.345459
99.95,1,9.345906
99.95,1,9.346355
99.95,1,9.346813
99.95,1,9.347276
99.95,1,9.347767
99.95,1,9.34823
99.95,1,9.348688
99.95,1,9.349146
99.95,1,9.349605
99.95,1,9.350068
99.95,1,9.350537
99.95,1,9.35099
99.95,1,9.351438
99.95,1,9.351885
99.95,1,9.35234
99.95,1,9.352792
99.95,1,9.353241
99.95,1,9.353699
99.95,1,9.354162
99.95,1,9.35461
99.95,1,9.355087
99.95,1,9.35554
99.95,1,9.356002
99.95,1,9.356463
99.95,1,9.356943
99.95,1,9.357395
99.95,1,9.357845
99.95,1,9.358295
99.95,1,9.358741
99.95,1,9.359189
99.95,1,9.35964
99.95,1,9.360109
99.95,1,9.360558
99.95,1,9.361006
99.95,1,9.361452
99.95,1,9.361912
99.95,1,9.362382
99.95,1,9.362974
99.95,1,9.363633
99.95,1,9.364105
99.95,1,9.364574
99.95,1,9.365036
99.95,1,9.365499
99.95,1,9.365963
99.95,1,9.366414
99.95,1,9.366873
99.95,1,9.367344
99.95,1,9.367797
99.95,1,9.368259
99.95,1,9.368723
99.95,1,9.369172
99.95,1,9.369622
99.95,1,9.370078
99.95,1,9.370527
99.95,1,9.370975
99.95,1,9.371423
99.95,1,9.37188
99.95,1,9.372345
99.95,1,9.372806
99.95,1,9.373263
99.95,1,9.373725
99.95,1,9.374177
99.95,1,9.374624
99.95,1,9.375071
99.95,1,9.375523
99.95,1,9.37597
99.95,1,9.376421
99.95,1,9.376867
99.95,1,9.377316
99.95,1,9.377772
99.95,1,9.378237
99.95,1,9.379433
99.95,1,9.379885
99.95,1,9.380337
99.95,1,9.380788
99.95,1,9.381239
99.95,1,9.381689
99.95,1,9.382142
99.95,1,9.382596
99.95,1,9.383045
99.95,1,9.383493
99.95,1,9.383944
99.95,1,9.384411
99.95,1,9.384872
99.95,1,9.385324
99.95,1,9.385773
99.95,1,9.386227
99.95,1,9.386681
99.95,1,9.387131
99.95,1,9.387585
99.95,1,9.38804
99.95,1,9.388496
99.95,1,9.388945
99.95,1,9.389393
99.95,1,9.389851
99.95,1,9.39032
99.95,1,9.390771
99.95,1,9.391232
99.95,1,9.391695
99.95,1,9.392151
99.95,1,9.392601
99.95,1,9.393049
99.95,1,9.393506
99.95,1,9.394009
99.95,1,9.394466
99.95,1,9.394917
99.95,1,9.395364
99.95,1,9.39581
99.95,1,9.396273
99.95,1,9.396726
99.95,1,9.397192
99.95,1,9.397643
99.95,1,9.398091
99.95,1,9.398541
99.95,1,9.398988
99.95,1,9.399433
99.95,1,9.399879
99.95,1,9.400332
99.95,1,9.400792
99.95,1,9.401255
99.95,1,9.401702
99.95,1,9.402155
99.95,1,9.402603
99.95,1,9.403049
99.95,1,9.403495
99.95,1,9.403942
99.95,1,9.404396
99.95,1,9.404855
99.95,1,9.405311
99.95,1,9.405771
99.95,1,9.406225
99.95,1,9.406677
99.95,1,9.407148
99.95,1,9.407604
99.95,1,9.408067
99.95,1,9.408524
99.95,1,9.409098
99.95,1,9.410077
99.95,1,9.410574
99.95,1,9.411063
99.95,1,9.411551
99.95,1,9.412015
99.95,1,9.41248
99.95,1,9.412946
99.95,1,9.41342
99.95,1,9.413888
99.95,1,9.41434
99.95,1,9.414798
99.95,1,9.41528
99.95,1,9.415734
99.95,1,9.416183
99.95,1,9.416632
99.95,1,9.417089
99.95,1,9.417547
99.95,1,9.41802
99.95,1,9.418484
99.95,1,9.418941
99.95,1,9.419395
99.95,1,9.419845
99.95,1,9.420297
99.95,1,9.420751
99.95,1,9.421214
99.95,1,9.421674
99.95,1,9.422138
99.95,1,9.422588
99.95,1,9.423049
99.95,1,9.423514
99.95,1,9.423977
99.95,1,9.424478
99.95,1,9.424958
99.95,1,9.425425
99.95,1,9.425893
99.95,1,9.426344
99.95,1,9.426804
99.95,1,9.427284
99.95,1,9.427816
99.95,1,9.428301
99.95,1,9.428774
99.95,1,9.429277
99.95,1,9.42976
99.95,1,9.430227
99.95,1,9.430678
99.95,1,9.431127
99.95,1,9.431579
99.95,1,9.432034
99.95,1,9.432485
99.95,1,9.432935
99.95,1,9.433398
99.95,1,9.43387
99.95,1,9.43432
99.95,1,9.434772
99.95,1,9.43522
99.95,1,9.435673
99.95,1,9.436121
99.95,1,9.43658
99.95,1,9.437042
99.95,1,9.437496
99.95,1,9.437958
99.95,1,9.438422
99.95,1,9.438881
99.95,1,9.439345
99.95,1,9.439793
99.95,1,9.440371
99.95,1,9.440871
99.95,1,9.441338
99.95,1,9.441798
99.95,1,9.442252
99.95,1,9.442715
99.95,1,9.443181
99.95,1,9.443651
99.95,1,9.444115
99.95,1,9.444594
99.95,1,9.44505
99.95,1,9.445507
99.95,1,9.445967
99.95,1,9.446431
99.95,1,9.446899
99.95,1,9.447369
99.95,1,9.447833
99.95,1,9.4483
99.95,1,9.448766
99.95,1,9.449228
99.95,1,9.449694
99.95,1,9.450142
99.95,1,9.450595
99.95,1,9.451045
99.95,1,9.451499
99.95,1,9.451951
99.95,1,9.452414
99.95,1,9.452873
99.95,1,9.453335
99.95,1,9.453786
99.95,1,9.454233
99.95,1,9.454682
99.95,1,9.455145
99.95,1,9.455605
99.95,1,9.456131
99.95,1,9.456587
99.95,1,9.457051
99.95,1,9.457507
99.95,1,9.457957
99.95,1,9.458404
99.95,1,9.458852
99.95,1,9.459301
99.95,1,9.459752
99.95,1,9.460209
99.95,1,9.460674
99.95,1,9.461123
99.95,1,9.461586
99.95,1,9.462049
99.95,1,9.462508
99.95,1,9.462983
99.95,1,9.463436
99.95,1,9.463896
99.95,1,9.464363
99.95,1,9.464814
99.95,1,9.465262
99.95,1,9.465719
99.95,1,9.466167
99.95,1,9.466616
99.95,1,9.467066
99.95,1,9.467518
99.95,1,9.467966
99.95,1,9.468413
99.95,1,9.468871
99.95,1,9.469327
99.95,1,9.469792
99.95,1,9.470242
99.95,1,9.470693
99.95,1,9.471168
99.95,1,9.47172
99.95,1,9.472247
99.95,1,9.472729
99.95,1,9.47318
99.95,1,9.473644
99.95,1,9.474113
99.95,1,9.474578
99.95,1,9.475088
99.95,1,9.475554
99.95,1,9.476025
99.95,1,9.476478
99.95,1,9.476947
99.95,1,9.477414
99.95,1,9.477884
99.95,1,9.47834
99.95,1,9.478811
99.95,1,9.479262
99.95,1,9.479728
99.95,1,9.480197
99.95,1,9.48066
99.95,1,9.48117
99.95,1,9.481636
99.95,1,9.482104
99.95,1,9.482611
99.95,1,9.483092
99.95,1,9.483558
99.95,1,9.484029
99.95,1,9.484486
99.95,1,9.484967
99.95,1,9.485434
99.95,1,9.485888
99.95,1,9.486355
99.95,1,9.486847
99.95,1,9.487361
99.95,1,9.487827
99.95,1,9.488282
99.95,1,9.488733
99.95,1,9.489187
99.95,1,9.489657
99.95,1,9.490125
99.95,1,9.490573
99.95,1,9.491023
99.95,1,9.491471
99.95,1,9.491936
99.95,1,9.492402
99.95,1,9.492852
99.95,1,9.493312
99.95,1,9.493776
99.95,1,9.494239
99.95,1,9.494706
99.95,1,9.49517
99.95,1,9.495625
99.95,1,9.496073
99.95,1,9.496521
99.95,1,9.496984
99.95,1,9.497441
99.95,1,9.497905
99.95,1,9.498358
99.95,1,9.498807
99.95,1,9.499269
99.95,1,9.49973
99.95,1,9.50019
99.95,1,9.500643
99.95,1,9.501091
99.95,1,9.501553
99.95,1,9.50202
99.95,1,9.502468
99.95,1,9.502973
99.95,1,9.503432
99.95,1,9.503892
99.95,1,9.504357
99.95,1,9.504831
99.95,1,9.505282
99.95,1,9.505732
99.95,1,9.506177
99.95,1,9.506623
99.95,1,9.507086
99.95,1,9.507535
99.95,1,9.508001
99.95,1,9.508462
99.95,1,9.50891
99.95,1,9.509357
99.95,1,9.50981
99.95,1,9.510257
99.95,1,9.510716
99.95,1,9.51117
99.95,1,9.511638
99.95,1,9.512092
99.95,1,9.512541
99.95,1,9.51299
99.95,1,9.513437
99.95,1,9.513898
99.95,1,9.514362
99.95,1,9.514811
99.95,1,9.515269
99.95,1,9.515733
99.95,1,9.516189
99.95,1,9.51665
99.95,1,9.517111
99.95,1,9.517575
99.95,1,9.518027
99.95,1,9.518526
99.95,1,9.519002
99.95,1,9.519452
99.95,1,9.519905
99.95,1,9.520381
99.95,1,9.520843
99.95,1,9.521303
99.95,1,9.521771
99.95,1,9.522218
99.95,1,9.522665
99.95,1,9.523111
99.95,1,9.523559
99.95,1,9.524049
99.95,1,9.524514
99.95,1,9.524963
99.95,1,9.525422
99.95,1,9.525884
99.95,1,9.52635
99.95,1,9.526811
99.95,1,9.527274
99.95,1,9.527731
99.95,1,9.528181
99.95,1,9.528631
99.95,1,9.529079
99.95,1,9.529526
99.95,1,9.529983
99.95,1,9.530433
99.95,1,9.530883
99.95,1,9.531338
99.95,1,9.531791
99.95,1,9.532241
99.95,1,9.532692
99.95,1,9.533148
99.95,1,9.533598
99.95,1,9.53405
99.95,1,9.534576
99.95,1,9.535118
99.95,1,9.535614
99.95,1,9.536079
99.95,1,9.536542
99.95,1,9.53699
99.95,1,9.537446
99.95,1,9.537902
99.95,1,9.538353
99.95,1,9.538817
99.95,1,9.539277
99.95,1,9.539741
99.95,1,9.540203
99.95,1,9.54066
99.95,1,9.541123
99.95,1,9.541586
99.95,1,9.542052
99.95,1,9.542501
99.95,1,9.542949
99.95,1,9.543409
99.95,1,9.543876
99.95,1,9.54434
99.95,1,9.54479
99.95,1,9.545254
99.95,1,9.545724
99.95,1,9.546175
99.95,1,9.546623
99.95,1,9.547082
99.95,1,9.547548
99.95,1,9.548001
99.95,1,9.548448
99.95,1,9.548897
99.95,1,9.549626
99.95,1,9.550238
99.95,1,9.550863
99.95,1,9.551324
99.95,1,9.551815
99.95,1,9.552276
99.95,1,9.552741
99.95,1,9.553196
99.95,1,9.55365
99.95,1,9.554113
99.95,1,9.554576
99.95,1,9.555032
99.95,1,9.555484
99.95,1,9.555954
99.95,1,9.556402
99.95,1,9.55686
99.95,1,9.557368
99.95,1,9.557899
99.95,1,9.558393
99.95,1,9.558855
99.95,1,9.559303
99.95,1,9.559829
99.95,1,9.560362
99.95,1,9.560848
99.95,1,9.561311
99.95,1,9.561758
99.95,1,9.562208
99.95,1,9.562666
99.95,1,9.563135
99.95,1,9.563586
99.95,1,9.564039
99.95,1,9.564548
99.95,1,9.564996
99.95,1,9.565447
99.95,1,9.565902
99.95,1,9.566352
99.95,1,9.566801
99.95,1,9.567248
99.95,1,9.567697
99.95,1,9.568155
99.95,1,9.568615
99.95,1,9.569076
99.95,1,9.569524
99.95,1,9.569975
99.95,1,9.570422
99.95,1,9.570872
99.95,1,9.571321
99.95,1,9.571768
99.95,1,9.572228
99.95,1,9.572703
99.95,1,9.573152
99.95,1,9.573601
99.95,1,9.574054
99.95,1,9.574504
99.95,1,9.574955
99.95,1,9.575403
99.95,1,9.575856
99.95,1,9.576308
99.95,1,9.576758
99.95,1,9.577206
99.95,1,9.577658
99.95,1,9.57811
99.95,1,9.578568
99.95,1,9.579032
99.95,1,9.57948
99.95,1,9.579931
99.95,1,9.580469
99.95,1,9.58094
99.95,1,9.581391
99.95,1,9.581842
99.95,1,9.582291
99.95,1,9.582751
99.95,1,9.583214
99.95,1,9.583665
99.95,1,10.425388
99.95,1,10.426292
99.95,1,10.427093
99.95,1,10.427868
99.95,1,10.428623
99.95,1,10.429489
99.95,1,10.430373
99.95,1,10.431218
99.95,1,10.431979
99.95,1,10.432708
99.95,1,10.433389
99.95,1,10.43392
99.95,1,10.434419
99.95,1,10.434944
99.95,1,10.435436
99.95,1,10.435916
99.95,1,10.436404
99.95,1,10.436892
99.95,1,10.437377
99.95,1,10.437852
99.95,1,10.438324
99.95,1,10.438809
99.95,1,10.43929
99.95,1,10.439764
99.95,1,10.440238
99.95,1,10.440718
99.95,1,10.441198
99.95,1,10.441671
99.95,1,10.442142
99.95,1,10.442619
99.95,1,10.443095
99.95,1,10.44357
99.95,1,10.44404
99.95,1,10.444523
99.95,1,10.445003
99.95,1,10.44548
99.95,1,10.445957
99.95,1,10.446437
99.95,1,10.446909
99.95,1,10.447428
99.95,1,10.447927
99.95,1,10.448414
99.95,1,10.448894
99.95,1,10.449372
99.95,1,10.449844
99.95,1,10.450325
99.95,1,10.450805
99.95,1,10.451282
99.95,1,10.451753
99.95,1,10.452225
99.95,1,10.452697
99.95,1,10.453179
99.95,1,10.453651
99.95,1,10.454121
99.95,1,10.454596
99.95,1,10.455073
99.95,1,10.455549
99.95,1,10.456021
99.95,1,10.456489
99.95,1,10.457002
99.95,1,10.457526
99.95,1,10.458012
99.95,1,10.458493
99.95,1,10.458974
99.95,1,10.459459
99.95,1,10.459934
99.95,1,10.460408
99.95,1,10.46088
99.95,1,10.461355
99.95,1,10.461835
99.95,1,10.462309
99.95,1,10.462839
99.95,1,10.46338
99.95,1,10.46388
99.95,1,10.46436
99.95,1,10.464848
99.95,1,10.465326
99.95,1,10.465809
99.95,1,10.466285
99.95,1,10.466758
99.95,1,10.46723
99.95,1,10.467703
99.95,1,10.468179
99.95,1,10.468656
99.95,1,10.469128
99.95,1,10.469601
99.95,1,10.470071
99.95,1,10.470547
99.95,1,10.471016
99.95,1,10.471492
99.95,1,10.471961
99.95,1,10.472441
99.95,1,10.472934
99.95,1,10.473414
99.95,1,10.473891
99.95,1,10.47438
99.95,1,10.474863
99.95,1,10.475339
99.95,1,10.475811
99.95,1,10.476286
99.95,1,10.476757
99.95,1,10.477227
99.95,1,10.477698
99.95,1,10.478164
99.95,1,10.478633
99.95,1,10.479296
99.95,1,10.479808
99.95,1,10.480293
99.95,1,10.480772
99.95,1,10.481247
99.95,1,10.481734
99.95,1,10.482211
99.95,1,10.482683
99.95,1,10.483152
99.95,1,10.483636
99.95,1,10.484118
99.95,1,10.484591
99.95,1,10.485062
99.95,1,10.485535
99.95,1,10.486002
99.95,1,10.486478
99.95,1,10.486955
99.95,1,10.487432
99.95,1,10.487904
99.95,1,10.48838
99.95,1,10.488853
99.95,1,10.489325
99.95,1,10.489799
99.95,1,10.490274
99.95,1,10.490745
99.95,1,10.491215
99.95,1,10.491687
99.95,1,10.49216
99.95,1,10.492634
99.95,1,10.493122
99.95,1,10.493618
99.95,1,10.494094
99.95,1,10.494567
99.95,1,10.495118
99.95,1,10.49564
99.95,1,10.496124
99.95,1,10.496602
99.95,1,10.497079
99.95,1,10.497562
99.95,1,10.498037
99.95,1,10.498512
99.95,1,10.498986
99.95,1,10.499469
99.95,1,10.499941
99.95,1,10.50041
99.95,1,10.50088
99.95,1,10.501352
99.95,1,10.501831
99.95,1,10.502304
99.95,1,10.502776
99.95,1,10.503247
99.95,1,10.503721
99.95,1,10.504199
99.95,1,10.504672
99.95,1,10.50514
99.95,1,10.505622
99.95,1,10.506099
99.95,1,10.506569
99.95,1,10.507042
99.95,1,10.507524
99.95,1,10.507996
99.95,1,10.508468
99.95,1,10.508944
99.95,1,10.509422
99.95,1,10.509894
99.95,1,10.510669
99.95,1,10.511193
99.95,1,10.511685
99.95,1,10.512165
99.95,1,10.512653
99.95,1,10.513133
99.95,1,10.513613
99.95,1,10.514087
99.95,1,10.514559
99.95,1,10.51503
99.95,1,10.515511
99.95,1,10.515986
99.95,1,10.516459
99.95,1,10.516927
99.95,1,10.517394
99.95,1,10.517865
99.95,1,10.518337
99.95,1,10.518813
99.95,1,10.519284
99.95,1,10.519763
99.95,1,10.520241
99.95,1,10.520712
99.95,1,10.521182
99.95,1,10.521656
99.95,1,10.522133
99.95,1,10.522605
99.95,1,10.523074
99.95,1,10.523548
99.95,1,10.524027
99.95,1,10.524508
99.95,1,10.524978
99.95,1,10.525519
99.95,1,10.52604
99.95,1,10.526534
99.95,1,10.527018
99.95,1,10.527499
99.95,1,10.52798
99.95,1,10.528465
99.95,1,10.52894
99.95,1,10.529417
99.95,1,10.529904
99.95,1,10.530383
99.95,1,10.530858
99.95,1,10.531329
99.95,1,10.531837
99.95,1,10.532336
99.95,1,10.532823
99.95,1,10.533301
99.95,1,10.533777
99.95,1,10.534248
99.95,1,10.534728
99.95,1,10.535205
99.95,1,10.535681
99.95,1,10.536154
99.95,1,10.536626
99.95,1,10.537102
99.95,1,10.537585
99.95,1,10.538058
99.95,1,10.538537
99.95,1,10.539014
99.95,1,10.539491
99.95,1,10.539963
99.95,1,10.540488
99.95,1,10.54099
99.95,1,10.54148
99.95,1,10.541962
99.95,1,10.542436
99.95,1,10.542907
99.95,1,10.543386
99.95,1,10.543864
99.95,1,10.544336
99.95,1,10.544806
99.95,1,10.545276
99.95,1,10.54575
99.95,1,10.546219
99.95,1,10.54669
99.95,1,10.547162
99.95,1,10.547638
99.95,1,10.548107
99.95,1,10.548577
99.95,1,10.549057
99.95,1,10.549537
99.95,1,10.550012
99.95,1,10.550489
99.95,1,10.550963
99.95,1,10.551466
99.95,1,10.551971
99.95,1,10.552465
99.95,1,10.553013
99.95,1,10.553511
99.95,1,10.553999
99.95,1,10.554495
99.95,1,10.554975
99.95,1,10.555464
99.95,1,10.555951
99.95,1,10.556438
99.95,1,10.556931
99.95,1,10.557445
99.95,1,10.55793
99.95,1,10.558407
99.95,1,10.558882
99.95,1,10.559362
99.95,1,10.559854
99.95,1,10.560331
99.95,1,10.560816
99.95,1,10.561393
99.95,1,10.561905
99.95,1,10.562451
99.95,1,10.56316
99.95,1,10.563889
99.95,1,10.564607
99.95,1,10.565253
99.95,1,10.565999
99.95,1,10.56671
99.95,1,10.567455
99.95,1,10.56826
99.95,1,10.569055
99.95,1,10.569654
99.95,1,10.570186
99.95,1,10.570834
99.95,1,10.571631
99.95,1,10.572345
99.95,1,10.57314
99.95,1,10.573862
99.95,1,10.574509
99.95,1,10.575057
99.95,1,10.575572
99.95,1,10.576089
99.95,1,10.576598
99.95,1,10.577105
99.95,1,10.577598
99.95,1,10.578087
99.95,1,10.578588
99.95,1,10.579075
99.95,1,10.579558
99.95,1,10.580042
99.95,1,10.580542
99.95,1,10.581086
99.95,1,10.58167
99.95,1,10.582174
99.95,1,10.582674
99.95,1,10.583175
99.95,1,10.583658
99.95,1,10.584133
99.95,1,10.584606
99.95,1,10.585096
99.95,1,10.585581
99.95,1,10.586103
99.95,1,10.586701
99.95,1,10.587252
99.95,1,10.587761
99.95,1,10.588246
99.95,1,10.588754
99.95,1,10.589238
99.95,1,10.58972
99.95,1,10.590195
99.95,1,10.590669
99.95,1,10.591151
99.95,1,10.591632
99.95,1,10.592103
99.95,1,10.592573
99.95,1,10.593044
99.95,1,10.593518
99.95,1,10.593987
99.95,1,10.594463
99.95,1,10.594936
99.95,1,10.595405
99.95,1,10.595878
99.95,1,10.596354
99.95,1,10.596827
99.95,1,10.597298
99.95,1,10.597772
99.95,1,10.598242
99.95,1,10.598713
99.95,1,10.599187
99.95,1,10.599663
99.95,1,10.600133
99.95,1,10.600605
99.95,1,10.60108
99.95,1,10.601558
99.95,1,10.602516
99.95,1,10.60311
99.95,1,10.603677
99.95,1,10.604246
99.95,1,10.604811
99.95,1,10.605371
99.95,1,10.605936
99.95,1,10.606497
99.95,1,10.607055
99.95,1,10.607619
99.95,1,10.608183
99.95,1,10.608745
99.95,1,10.609308
99.95,1,10.609871
99.95,1,10.610431
99.95,1,10.61099
99.95,1,10.611552
99.95,1,10.612113
99.95,1,10.612672
99.95,1,10.61323
99.95,1,10.613793
99.95,1,10.614352
99.95,1,10.614942
99.95,1,10.615511
99.95,1,10.61608
99.95,1,10.616644
99.95,1,10.617203
99.95,1,10.617933
99.95,1,10.618447
99.95,1,10.618941
99.95,1,10.619424
99.95,1,10.619905
99.95,1,10.620388
99.95,1,10.620867
99.95,1,10.621342
99.95,1,10.621818
99.95,1,10.622288
99.95,1,10.622766
99.95,1,10.623241
99.95,1,10.623718
99.95,1,10.624193
99.95,1,10.624674
99.95,1,10.625149
99.95,1,10.625612
99.95,1,10.62607
99.95,1,10.626529
99.95,1,10.62702
99.95,1,10.627489
99.95,1,10.627949
99.95,1,10.628408
99.95,1,10.628865
99.95,1,10.629324
99.95,1,10.629807
99.95,1,10.630286
99.95,1,10.630744
99.95,1,10.631208
99.95,1,10.631672
99.95,1,10.63213
99.95,1,10.63259
99.95,1,10.633121
99.95,1,10.633611
99.95,1,10.634091
99.95,1,10.634554
99.95,1,10.635013
99.95,1,10.635475
99.95,1,10.635945
99.95,1,10.636408
99.95,1,10.636868
99.95,1,10.637325
99.95,1,10.63779
99.95,1,10.638254
99.95,1,10.638715
99.95,1,10.639173
99.95,1,10.639634
99.95,1,10.64009
99.95,1,10.640579
99.95,1,10.641037
99.95,1,10.641502
99.95,1,10.641965
99.95,1,10.642426
99.95,1,10.642894
99.95,1,10.643359
99.95,1,10.643822
99.95,1,10.644308
99.95,1,10.644786
99.95,1,10.645255
99.95,1,10.645719
99.95,1,10.646181
99.95,1,10.64664
99.95,1,10.647103
99.95,1,10.647567
99.95,1,10.648039
99.95,1,10.648546
99.95,1,10.649009
99.95,1,10.649467
99.95,1,10.649932
99.95,1,10.650394
99.95,1,10.650852
99.95,1,10.651308
99.95,1,10.651769
99.95,1,10.652227
99.95,1,10.652685
99.95,1,10.653143
99.95,1,10.653604
99.95,1,10.654067
99.95,1,10.654524
99.95,1,10.654982
99.95,1,10.65544
99.95,1,10.655903
99.95,1,10.656366
99.95,1,10.656825
99.95,1,10.657284
99.95,1,10.657748
99.95,1,10.658209
99.95,1,10.658669
99.95,1,10.659138
99.95,1,10.659605
99.95,1,10.660074
99.95,1,10.660537
99.95,1,10.660996
99.95,1,10.661454
99.95,1,10.66192
99.95,1,10.662393
99.95,1,10.662854
99.95,1,10.663313
99.95,1,10.663777
99.95,1,10.664284
99.95,1,10.664748
99.95,1,10.665206
99.95,1,10.665676
99.95,1,10.666134
99.95,1,10.666591
99.95,1,10.667048
99.95,1,10.667508
99.95,1,10.667984
99.95,1,10.668463
99.95,1,10.66892
99.95,1,10.669378
99.95,1,10.669838
99.95,1,10.670295
99.95,1,10.670753
99.95,1,10.67121
99.95,1,10.671674
99.95,1,10.672132
99.95,1,10.672594
99.95,1,10.673067
99.95,1,10.673526
99.95,1,10.67399
99.95,1,10.674466
99.95,1,10.674927
99.95,1,10.675394
99.95,1,10.675849
99.95,1,10.676316
99.95,1,10.676763
99.95,1,10.677222
99.95,1,10.677684
99.95,1,10.678135
99.95,1,10.678614
99.95,1,10.679076
99.95,1,10.679639
99.95,1,10.680162
99.95,1,10.680913
99.95,1,10.6815
99.95,1,10.682262
99.95,1,10.682883
99.95,1,10.683381
99.95,1,10.68388
99.95,1,10.684366
99.95,1,10.684832
99.95,1,10.685306
99.95,1,10.685764
99.95,1,10.686227
99.95,1,10.686702
99.95,1,10.687172
99.95,1,10.687624
99.95,1,10.688087
99.95,1,10.688554
99.95,1,10.689018
99.95,1,10.689484
99.95,1,10.68995
99.95,1,10.69042
99.95,1,10.690899
99.95,1,10.691372
99.95,1,10.691827
99.95,1,10.692296
99.95,1,10.692766
99.95,1,10.693218
99.95,1,10.69368
99.95,1,10.694148
99.95,1,10.694725
99.95,1,10.695202
99.95,1,10.695738
99.95,1,10.69621
99.95,1,10.696673
99.95,1,10.697137
99.95,1,10.697598
99.95,1,10.698059
99.95,1,10.698522
99.95,1,10.698985
99.95,1,10.699447
99.95,1,10.699922
99.95,1,10.700373
99.95,1,10.700822
99.95,1,10.701272
99.95,1,10.70173
99.95,1,10.702184
99.95,1,10.702635
99.95,1,10.703084
99.95,1,10.703536
99.95,1,10.704011
99.95,1,10.704628
99.95,1,10.705209
99.95,1,10.705702
99.95,1,10.706261
99.95,1,10.706726
99.95,1,10.707198
99.95,1,10.707666
99.95,1,10.708122
99.95,1,10.708664
99.95,1,10.709359
99.95,1,10.71005
99.95,1,10.710977
99.95,1,10.712002
99.95,1,10.713082
99.95,1,10.713674
99.95,1,10.714229
99.95,1,10.714721
99.95,1,10.715232
99.95,1,10.715711
99.95,1,10.71618
99.95,1,10.716647
99.95,1,10.717113
99.95,1,10.717574
99.95,1,10.718031
99.95,1,10.718497
99.95,1,10.718946
99.95,1,10.719417
99.95,1,10.719869
99.95,1,10.720336
99.95,1,10.720783
99.95,1,10.721254
99.95,1,10.721702
99.95,1,10.722152
99.95,1,10.72262
99.95,1,10.723073
99.95,1,10.723538
99.95,1,10.723983
99.95,1,10.724442
99.95,1,10.724908
99.95,1,10.725356
99.95,1,10.725855
99.95,1,10.726324
99.95,1,10.726787
99.95,1,10.72738
99.95,1,10.727942
99.95,1,10.72842
99.95,1,10.728888
99.95,1,10.729338
99.95,1,10.7298
99.95,1,10.73025
99.95,1,10.730716
99.95,1,10.731164
99.95,1,10.731619
99.95,1,10.732073
99.95,1,10.732517
99.95,1,10.732979
99.95,1,10.733425
99.95,1,10.733893
99.95,1,10.734354
99.95,1,10.734873
99.95,1,10.735344
99.95,1,10.735817
99.95,1,10.736289
99.95,1,10.736738
99.95,1,10.737209
99.95,1,10.737657
99.95,1,10.738127
99.95,1,10.738578
99.95,1,10.739048
99.95,1,10.739498
99.95,1,10.739963
99.95,1,10.740412
99.95,1,10.740854
99.95,1,10.741385
99.95,1,10.74185
99.95,1,10.742327
99.95,1,10.742776
99.95,1,10.743243
99.95,1,10.743714
99.95,1,10.744225
99.95,1,10.744671
99.95,1,10.745115
99.95,1,10.74558
99.95,1,10.746033
99.95,1,10.746502
99.95,1,10.746948
99.95,1,10.747404
99.95,1,10.747862
99.95,1,10.748329
99.95,1,10.748792
99.95,1,10.749239
99.95,1,10.749701
99.95,1,10.750151
99.95,1,10.750618
99.95,1,10.751065
99.95,1,10.751529
99.95,1,10.751973
99.95,1,10.752424
99.95,1,10.752893
99.95,1,10.753338
99.95,1,10.753796
99.95,1,10.754265
99.95,1,10.754737
99.95,1,10.755198
99.95,1,10.755675
99.95,1,10.756119
99.95,1,10.756572
99.95,1,10.757107
99.95,1,10.757555
99.95,1,10.758022
99.95,1,10.758478
99.95,1,10.758938
99.95,1,10.759398
99.95,1,10.759856
99.95,1,10.760321
99.95,1,10.760786
99.95,1,10.761242
99.95,1,10.761703
99.95,1,10.762182
99.95,1,10.762635
99.95,1,10.763102
99.95,1,10.76356
99.95,1,10.764022
99.95,1,10.76453
99.95,1,10.764993
99.95,1,10.765461
99.95,1,10.765909
99.95,1,10.766376
99.95,1,10.766836
99.95,1,10.767302
99.95,1,10.76775
99.95,1,10.768199
99.95,1,10.768664
99.95,1,10.769108
99.95,1,10.769572
99.95,1,10.770022
99.95,1,10.770489
99.95,1,10.770934
99.95,1,10.771397
99.95,1,10.771841
99.95,1,10.772287
99.95,1,10.772865
99.95,1,10.774086
99.95,1,10.774584
99.95,1,10.775069
99.95,1,10.77554
99.95,1,10.776031
99.95,1,10.776512
99.95,1,10.777013
99.95,1,10.777499
99.95,1,10.777988
99.95,1,10.778463
99.95,1,10.778954
99.95,1,10.779421
99.95,1,10.779917
99.95,1,10.780386
99.95,1,10.780848
99.95,1,10.781305
99.95,1,10.781771
99.95,1,10.782231
99.95,1,10.782688
99.95,1,10.783143
99.95,1,10.783601
99.95,1,10.784065
99.95,1,10.784516
99.95,1,10.784984
99.95,1,10.785453
99.95,1,10.785911
99.95,1,10.786364
99.95,1,10.786834
99.95,1,10.787305
99.95,1,10.787785
99.95,1,10.788301
99.95,1,10.788775
99.95,1,10.789246
99.95,1,10.789698
99.95,1,10.790174
99.95,1,10.790637
99.95,1,10.791111
99.95,1,10.791567
99.95,1,10.792038
99.95,1,10.792497
99.95,1,10.79296
99.95,1,10.793418
99.95,1,10.793895
99.95,1,10.794351
99.95,1,10.794828
99.95,1,10.7953
99.95,1,10.795775
99.95,1,10.796249
99.95,1,10.796715
99.95,1,10.79719
99.95,1,10.797657
99.95,1,10.798133
99.95,1,10.798586
99.95,1,10.799042
99.95,1,10.799494
99.95,1,10.799957
99.95,1,10.800424
99.95,1,10.80089
99.95,1,10.801348
99.95,1,10.801812
99.95,1,10.802287
99.95,1,10.802739
99.95,1,10.803204
99.95,1,10.803666
99.95,1,10.804174
99.95,1,10.804642
99.95,1,10.8051
99.95,1,10.80556
99.95,1,10.80604
99.95,1,10.806496
99.95,1,10.806964
99.95,1,10.807423
99.95,1,10.807887
99.95,1,10.808354
99.95,1,10.808811
99.95,1,10.809267
99.95,1,10.809718
99.95,1,10.810232
99.95,1,10.810717
99.95,1,10.811192
99.95,1,10.811645
99.95,1,10.812117
99.95,1,10.812587
99.95,1,10.813047
99.95,1,10.813509
99.95,1,10.813975
99.95,1,10.814435
99.95,1,10.814901
99.95,1,10.815356
99.95,1,10.815811
99.95,1,10.816269
99.95,1,10.816721
99.95,1,10.817182
99.95,1,10.81765
99.95,1,10.818122
99.95,1,10.818593
99.95,1,10.819057
99.95,1,10.819522
99.95,1,10.820043
99.95,1,10.820569
99.95,1,10.821044
99.95,1,10.821506
99.95,1,10.821974
99.95,1,10.822448
99.95,1,10.822924
99.95,1,10.823401
99.95,1,10.823875
99.95,1,10.824369
99.95,1,10.824821
99.95,1,10.825277
99.95,1,10.825737
99.95,1,10.826217
99.95,1,10.826672
99.95,1,10.827128
99.95,1,10.827579
99.95,1,10.828043
99.95,1,10.828745
99.95,1,10.829266
99.95,1,10.829768
99.95,1,10.830239
99.95,1,10.830706
99.95,1,10.831164
99.95,1,10.831625
99.95,1,10.832091
99.95,1,10.832548
99.95,1,10.833006
99.95,1,10.833458
99.95,1,10.833914
99.95,1,10.834372
99.95,1,10.834828
99.95,1,10.835279
99.95,1,10.835822
99.95,1,10.836308
99.95,1,10.836782
99.95,1,10.837248
99.95,1,10.837714
99.95,1,10.838177
99.95,1,10.838631
99.95,1,10.839085
99.95,1,10.839535
99.95,1,10.840002
99.95,1,10.840459
99.95,1,10.840915
99.95,1,10.841377
99.95,1,10.841844
99.95,1,10.842299
99.95,1,10.842756
99.95,1,10.84321
99.95,1,10.843669
99.95,1,10.844123
99.95,1,10.844574
99.95,1,10.845039
99.95,1,10.845511
99.95,1,10.845975
99.95,1,10.846438
99.95,1,10.846892
99.95,1,10.847341
99.95,1,10.847795
99.95,1,10.848255
99.95,1,10.848715
99.95,1,10.849172
99.95,1,10.849634
99.95,1,10.850084
99.95,1,10.850549
99.95,1,10.851016
99.95,1,10.851567
99.95,1,10.852047
99.95,1,10.85251
99.95,1,10.852973
99.95,1,10.853427
99.95,1,10.853877
99.95,1,10.854331
99.95,1,10.854825
99.95,1,10.85528
99.95,1,10.855731
99.95,1,10.85618
99.95,1,10.856646
99.95,1,10.857106
99.95,1,10.857568
99.95,1,10.85803
99.95,1,10.858502
99.95,1,10.858958
99.95,1,10.859421
99.95,1,10.859884
99.95,1,10.860334
99.95,1,10.860793
99.95,1,10.861245
99.95,1,10.861709
99.95,1,10.862162
99.95,1,10.862619
99.95,1,10.863075
99.95,1,10.863533
99.95,1,10.864
99.95,1,10.864457
99.95,1,10.864963
99.95,1,10.865413
99.95,1,10.865868
99.95,1,10.866321
99.95,1,10.866829
99.95,1,10.867294
99.95,1,10.867758
99.95,1,10.868219
99.95,1,10.868682
99.95,1,10.869135
99.95,1,10.869586
99.95,1,10.87005
99.95,1,10.870514
99.95,1,10.870965
99.95,1,10.871414
99.95,1,10.871861
99.95,1,10.872327
99.95,1,10.872795
99.95,1,10.873261
99.95,1,10.873722
99.95,1,10.874182
99.95,1,10.874633
99.95,1,10.875091
99.95,1,10.87554
99.95,1,10.876001
99.95,1,10.876459
99.95,1,10.876928
99.95,1,10.877375
99.95,1,10.877825
99.95,1,10.878277
99.95,1,10.878736
99.95,1,10.879202
99.95,1,10.879651
99.95,1,10.880105
99.95,1,10.880558
99.95,1,10.881009
99.95,1,10.881457
99.95,1,10.881915
99.95,1,10.882424
99.95,1,10.882879
99.95,1,10.883331
99.95,1,10.883783
99.95,1,10.884232
99.95,1,10.884711
99.95,1,10.885172
99.95,1,10.885625
99.95,1,10.886074
99.95,1,10.886532
99.95,1,10.886994
99.95,1,10.887461
99.95,1,10.887914
99.95,1,10.888363
99.95,1,10.88882
99.95,1,10.889287
99.95,1,10.889754
99.95,1,10.890203
99.95,1,10.89065
99.95,1,10.891129
99.95,1,10.89159
99.95,1,10.892054
99.95,1,10.892518
99.95,1,10.892974
99.95,1,10.893432
99.95,1,10.893883
99.95,1,10.894334
99.95,1,10.894793
99.95,1,10.895256
99.95,1,10.895723
99.95,1,10.896174
99.95,1,10.896634
99.95,1,10.89711
99.95,1,10.897565
99.95,1,10.898016
99.95,1,10.898468
99.95,1,10.89892
99.95,1,10.899367
99.95,1,10.899814
99.95,1,10.900263
99.95,1,10.900717
99.95,1,10.901168
99.95,1,10.901618
99.95,1,10.902065
99.95,1,10.902516
99.95,1,10.902985
99.95,1,10.903449
99.95,1,10.903899
99.95,1,10.904346
99.95,1,10.904793
99.95,1,10.905258
99.95,1,10.905724
99.95,1,10.906173
99.95,1,10.906636
99.95,1,10.907086
99.95,1,10.907544
99.95,1,10.908005
99.95,1,10.908451
99.95,1,10.908913
99.95,1,10.909378
99.95,1,10.909829
99.95,1,10.910276
99.95,1,10.910723
99.95,1,10.911177
99.95,1,10.911627
99.95,1,10.912075
99.95,1,10.912522
99.95,1,10.912983
99.95,1,10.913446
99.95,1,10.913898
99.95,1,10.914346
99.95,1,10.914805
99.95,1,10.915287
99.95,1,10.915755
99.95,1,10.916221
99.95,1,10.916671
99.95,1,10.917123
99.95,1,10.917571
99.95,1,10.918022
99.95,1,10.918482
99.95,1,10.918948
99.95,1,10.9194
99.95,1,10.919863
99.95,1,10.920328
99.95,1,10.920777
99.95,1,10.92124
99.95,1,10.921702
99.95,1,10.922152
99.95,1,10.922607
99.95,1,10.923072
99.95,1,10.923529
99.95,1,10.923992
99.95,1,10.924447
99.95,1,10.924898
99.95,1,10.925358
99.95,1,10.925815
99.95,1,10.926266
99.95,1,10.926715
99.95,1,10.927165
99.95,1,10.927612
99.95,1,10.928079
99.95,1,10.928562
99.95,1,10.929033
99.95,1,10.9295
99.95,1,10.929966
99.95,1,10.930416
99.95,1,10.930863
99.95,1,10.931316
99.95,1,10.931781
99.95,1,10.932244
99.95,1,10.932699
99.95,1,10.933158
99.95,1,10.93362
99.95,1,10.934085
99.95,1,10.934537
99.95,1,10.93499
99.95,1,10.935445
99.95,1,10.935904
99.95,1,10.93637
99.95,1,10.936834
99.95,1,10.937289
99.95,1,10.937745
99.95,1,10.938195
99.95,1,10.938646
99.95,1,10.939098
99.95,1,10.939549
99.95,1,10.940013
99.95,1,10.94048
99.95,1,10.940946
99.95,1,10.941414
99.95,1,10.941864
99.95,1,10.942323
99.95,1,10.942787
99.95,1,10.943251
99.95,1,10.943714
99.95,1,10.944162
99.95,1,10.944677
99.95,1,10.945147
99.95,1,10.945612
99.95,1,10.94606
99.95,1,10.946517
99.95,1,10.946976
99.95,1,10.947431
99.95,1,10.947885
99.95,1,10.94834
99.95,1,10.948804
99.95,1,10.949266
99.95,1,10.94973
99.95,1,10.950187
99.95,1,10.950649
99.95,1,10.951126
99.95,1,10.951575
99.95,1,10.952033
99.95,1,10.952497
99.95,1,10.952953
99.95,1,10.953406
99.95,1,10.953871
99.95,1,10.954335
99.95,1,10.954792
99.95,1,10.955252
99.95,1,10.955721
99.95,1,10.956171
99.95,1,10.95663
99.95,1,10.957097
99.95,1,10.957551
99.95,1,10.958005
99.95,1,10.958456
99.95,1,10.958906
99.95,1,10.959439
99.95,1,10.959906
99.95,1,10.96036
99.95,1,10.960809
99.95,1,10.961269
99.95,1,10.961724
99.95,1,10.962176
99.95,1,10.962626
99.95,1,10.963076
99.95,1,10.963526
99.95,1,10.963987
99.95,1,10.964449
99.95,1,10.964912
99.95,1,10.965365
99.95,1,10.965828
99.95,1,10.966344
99.95,1,10.966799
99.95,1,10.967253
99.95,1,10.967701
99.95,1,10.968152
99.95,1,10.968616
99.95,1,10.969082
99.95,1,10.969533
99.95,1,10.969994
99.95,1,10.970457
99.95,1,10.970916
99.95,1,10.97138
99.95,1,10.97183
99.95,1,10.972277
99.95,1,10.972725
99.95,1,10.973176
99.95,1,10.973644
99.95,1,10.974094
99.95,1,10.974682
99.95,1,10.975165
99.95,1,10.975625
99.95,1,10.976088
99.95,1,10.976552
99.95,1,10.977001
99.95,1,10.977459
99.95,1,10.977912
99.95,1,10.978363
99.95,1,10.97881
99.95,1,10.979268
99.95,1,10.979719
99.95,1,10.980168
99.95,1,10.980617
99.95,1,10.981063
99.95,1,10.98152
99.95,1,10.981994
99.95,1,10.982452
99.95,1,10.982913
99.95,1,10.983368
99.95,1,10.98382
99.95,1,10.984272
99.95,1,10.984725
99.95,1,10.985188
99.95,1,10.985645
99.95,1,10.986101
99.95,1,10.986559
99.95,1,10.987018
99.95,1,10.987483
99.95,1,10.987931
99.95,1,10.988381
99.95,1,10.988829
99.95,1,10.989296
99.95,1,10.989768
99.95,1,10.990247
99.95,1,10.990736
99.95,1,10.991187
99.95,1,10.991659
99.95,1,10.99211
99.95,1,10.992637
99.95,1,10.993105
99.95,1,10.993587
99.95,1,10.994089
99.95,1,10.994575
99.95,1,10.995053
99.95,1,10.995537
99.95,1,10.995997
99.95,1,10.996463
99.95,1,10.996925
99.95,1,10.99738
99.95,1,10.997845
99.95,1,10.998309
99.95,1,10.998774
99.95,1,10.999223
99.95,1,10.999717
99.95,1,11.000169
99.95,1,11.000626
99.95,1,11.001121
99.95,1,11.001602
99.95,1,11.002064
99.95,1,11.002524
99.95,1,11.002987
99.95,1,11.003455
99.95,1,11.003906
99.95,1,11.004362
99.95,1,11.004848
99.95,1,11.005333
99.95,1,11.005805
99.95,1,11.006305
99.95,1,11.006768
99.95,1,11.007247
99.95,1,11.0077
99.95,1,11.008165
99.95,1,11.008631
99.95,1,11.009081
99.95,1,11.009534
99.95,1,11.009982
99.95,1,11.010444
99.95,1,11.01091
99.95,1,11.011375
99.95,1,11.011832
99.95,1,11.012287
99.95,1,11.012747
99.95,1,11.013196
99.95,1,11.013651
99.95,1,11.014124
99.95,1,11.014587
99.95,1,11.015045
99.95,1,11.015509
99.95,1,11.01597
99.95,1,11.016439
99.95,1,11.01689
99.95,1,11.017341
99.95,1,11.017789
99.95,1,11.018247
99.95,1,11.018703
99.95,1,11.019162
99.95,1,11.019629
99.95,1,11.020102
99.95,1,11.020565
99.95,1,11.021014
99.95,1,11.021485
99.95,1,11.022066
99.95,1,11.022545
99.95,1,11.023025
99.95,1,11.023503
99.95,1,11.023973
99.95,1,11.024431
99.95,1,11.024888
99.95,1,11.025354
99.95,1,11.025813
99.95,1,11.026277
99.95,1,11.026731
99.95,1,11.027196
99.95,1,11.027664
99.95,1,11.028124
99.95,1,11.028586
99.95,1,11.029036
99.95,1,11.02949
99.95,1,11.029954
99.95,1,11.030413
99.95,1,11.03087
99.95,1,11.031336
99.95,1,11.031795
99.95,1,11.032246
99.95,1,11.032695
99.95,1,11.033143
99.95,1,11.033598
99.95,1,11.034072
99.95,1,11.034535
99.95,1,11.035023
99.95,1,11.035499
99.95,1,11.03595
99.95,1,11.036411
99.95,1,11.036874
99.95,1,11.037342
99.95,1,11.03781
99.95,1,11.038343
99.95,1,11.038819
99.95,1,11.03929
99.95,1,11.039758
99.95,1,11.040221
99.95,1,11.040671
99.95,1,11.041124
99.95,1,11.041581
99.95,1,11.042033
99.95,1,11.042482
99.95,1,11.042942
99.95,1,11.043401
99.95,1,11.043864
99.95,1,11.044323
99.95,1,11.044785
99.95,1,11.045233
99.95,1,11.045697
99.95,1,11.046168
99.95,1,11.04662
99.95,1,11.04707
99.95,1,11.047531
99.95,1,11.047986
99.95,1,11.048448
99.95,1,11.048898
99.95,1,11.04936
99.95,1,11.049822
99.95,1,11.050284
99.95,1,11.050744
99.95,1,11.051205
99.95,1,11.051668
99.95,1,11.052134
99.95,1,11.052585
99.95,1,11.053031
99.95,1,11.053483
99.95,1,11.053999
99.95,1,11.05446
99.95,1,11.054924
99.95,1,11.055373
99.95,1,11.055831
99.95,1,11.056281
99.95,1,11.056729
99.95,1,11.057194
99.95,1,11.057644
99.95,1,11.058094
99.95,1,11.058546
99.95,1,11.05904
99.95,1,11.059506
99.95,1,11.059966
99.95,1,11.060427
99.95,1,11.060878
99.95,1,11.061344
99.95,1,11.061809
99.95,1,11.062271
99.95,1,11.06272
99.95,1,11.063168
99.95,1,11.063619
99.95,1,11.06407
99.95,1,11.064522
99.95,1,11.064985
99.95,1,11.065455
99.95,1,11.065922
99.95,1,11.066392
99.95,1,11.066844
99.95,1,11.06731
99.95,1,11.067779
99.95,1,11.068239
99.95,1,11.068702
99.95,1,11.069167
99.95,1,11.069645
99.95,1,11.070092
99.95,1,11.070541
99.95,1,11.070993
99.95,1,11.071441
99.95,1,11.07189
99.95,1,11.072338
99.95,1,11.072796
99.95,1,11.073254
99.95,1,11.073717
99.95,1,11.074179
99.95,1,11.074637
99.95,1,11.075098
99.95,1,11.075553
99.95,1,11.076001
99.95,1,11.076449
99.95,1,11.0769
99.95,1,11.077353
99.95,1,11.077806
99.95,1,11.078264
99.95,1,11.078719
99.95,1,11.079183
99.95,1,11.079639
99.95,1,11.080099
99.95,1,11.08056
99.95,1,11.081034
99.95,1,11.081501
99.95,1,11.081954
99.95,1,11.082403
99.95,1,11.082867
99.95,1,11.08333
99.95,1,11.083782
99.95,1,11.084231
99.95,1,11.084688
99.95,1,11.085151
99.95,1,11.085606
99.95,1,11.086071
99.95,1,11.086536
99.95,1,11.086985
99.95,1,11.087433
99.95,1,11.087884
99.95,1,11.088332
99.95,1,11.08879
99.95,1,11.089253
99.95,1,11.089704
99.95,1,11.09015
99.95,1,11.090623
99.95,1,11.09108
99.95,1,11.091539
99.95,1,11.091989
99.95,1,11.09244
99.95,1,11.092902
99.95,1,11.093371
99.95,1,11.093825
99.95,1,11.094273
99.95,1,11.094742
99.95,1,11.0952
99.95,1,11.095656
99.95,1,11.096117
99.95,1,11.096581
99.95,1,11.097028
99.95,1,11.097478
99.95,1,11.097932
99.95,1,11.098386
99.95,1,11.098836
99.95,1,11.099284
99.95,1,11.099736
99.95,1,11.100194
99.95,1,11.100655
99.95,1,11.101233
99.95,1,11.10171
99.95,1,11.102187
99.95,1,11.102635
99.95,1,11.103095
99.95,1,11.103551
99.95,1,11.10402
99.95,1,11.104469
99.95,1,11.104918
99.95,1,11.105364
99.95,1,11.105815
99.95,1,11.106268
99.95,1,11.106717
99.95,1,11.107182
99.95,1,11.107631
99.95,1,11.108106
99.95,1,11.108572
99.95,1,11.109024
99.95,1,11.109482
99.95,1,11.109946
99.95,1,11.110404
99.95,1,11.110866
99.95,1,11.111327
99.95,1,11.111786
99.95,1,11.112248
99.95,1,11.112702
99.95,1,11.113152
99.95,1,11.1136
99.95,1,11.114051
99.95,1,11.114498
99.95,1,11.114944
99.95,1,11.115393
99.95,1,11.11585
99.95,1,11.116299
99.95,1,11.116771
99.95,1,11.117234
99.95,1,11.117697
99.95,1,11.11816
99.95,1,11.118625
99.95,1,11.119086
99.95,1,11.119539
99.95,1,11.120019
99.95,1,11.120482
99.95,1,11.120931
99.95,1,11.121385
99.95,1,11.121858
99.95,1,11.122326
99.95,1,11.122773
99.95,1,11.123226
99.95,1,11.123692
99.95,1,11.124155
99.95,1,11.124606
99.95,1,11.125076
99.95,1,11.125544
99.95,1,11.126008
99.95,1,11.126471
99.95,1,11.126936
99.95,1,11.127436
99.95,1,11.127892
99.95,1,11.128351
99.95,1,11.128814
99.95,1,11.129262
99.95,1,11.129713
99.95,1,11.130166
99.95,1,11.130627
99.95,1,11.13109
99.95,1,11.131543
99.95,1,11.132003
99.95,1,11.132512
99.95,1,11.132972
99.95,1,11.133433
99.95,1,11.133891
99.95,1,11.134342
99.95,1,11.134792
99.95,1,11.135239
99.95,1,11.135688
99.95,1,11.136152
99.95,1,11.136612
99.95,1,11.137069
99.95,1,11.137527
99.95,1,11.137986
99.95,1,11.138447
99.95,1,11.138895
99.95,1,11.139351
99.95,1,11.139817
99.95,1,11.14027
99.95,1,11.140734
99.95,1,11.141183
99.95,1,11.141647
99.95,1,11.142112
99.95,1,11.142561
99.95,1,11.143009
99.95,1,11.143457
99.95,1,11.143928
99.95,1,11.144379
99.95,1,11.144827
99.95,1,11.145275
99.95,1,11.145738
99.95,1,11.146202
99.95,1,11.146654
99.95,1,11.147116
99.95,1,11.147582
99.95,1,11.148093
99.95,1,11.148578
99.95,1,11.149041
99.95,1,11.1495
99.95,1,11.14997
99.95,1,11.150445
99.95,1,11.1509
99.95,1,11.151352
99.95,1,11.151805
99.95,1,11.152254
99.95,1,11.152721
99.95,1,11.153183
99.95,1,11.153641
99.95,1,11.154107
99.95,1,11.15458
99.95,1,11.155042
99.95,1,11.155508
99.95,1,11.155969
99.95,1,11.15646
99.95,1,11.156916
99.95,1,11.157379
99.95,1,11.157846
99.95,1,11.158305
99.95,1,11.158762
99.95,1,11.15922
99.95,1,11.159669
99.95,1,11.160137
99.95,1,11.160595
99.95,1,11.161053
99.95,1,11.161514
99.95,1,11.161966
99.95,1,11.162414
99.95,1,11.162874
99.95,1,11.163357
99.95,1,11.163841
99.95,1,11.164289
99.95,1,11.164738
99.95,1,11.165184
99.95,1,11.165636
99.95,1,11.166094
99.95,1,11.16655
99.95,1,11.167013
99.95,1,11.167471
99.95,1,11.167938
99.95,1,11.168386
99.95,1,11.16884
99.95,1,11.169301
99.95,1,11.169758
99.95,1,11.170222
99.95,1,11.17067
99.95,1,11.171123
99.95,1,11.171574
99.95,1,11.172026
99.95,1,11.172474
99.95,1,11.172938
99.95,1,11.173387
99.95,1,11.173836
99.95,1,11.174293
99.95,1,11.174748
99.95,1,11.175212
99.95,1,11.175662
99.95,1,11.176114
99.95,1,11.176563
99.95,1,11.177021
99.95,1,11.177472
99.95,1,11.177935
99.95,1,11.178428
99.95,1,11.178878
99.95,1,11.179325
99.95,1,11.179776
99.95,1,11.180228
99.95,1,11.180686
99.95,1,11.181147
99.95,1,11.181596
99.95,1,11.182054
99.95,1,11.182503
99.95,1,11.18295
99.95,1,11.183408
99.95,1,11.183873
99.95,1,11.184326
99.95,1,11.184792
99.95,1,11.185241
99.95,1,11.185702
99.95,1,11.186168
99.95,1,11.18662
99.95,1,11.187074
99.95,1,11.187525
99.95,1,11.187977
99.95,1,11.188425
99.95,1,11.188871
99.95,1,11.189322
99.95,1,11.189773
99.95,1,11.190223
99.95,1,11.19067
99.95,1,11.191216
99.95,1,11.191684
99.95,1,11.19215
99.95,1,11.192649
99.95,1,11.193113
99.95,1,11.193573
99.95,1,11.194286
99.95,1,11.195042
99.95,1,11.195872
99.95,1,11.196659
99.95,1,11.197491
99.95,1,11.198267
99.95,1,11.199044
99.95,1,11.199808
99.95,1,11.200584
99.95,1,11.201338
99.95,1,11.202087
99.95,1,11.202855
99.95,1,11.203617
99.95,1,11.20438
99.95,1,11.205152
99.95,1,11.205922
99.95,1,11.206703
99.95,1,11.207477
99.95,1,11.208292
99.95,1,11.209039
99.95,1,11.209791
99.95,1,11.211629
99.95,1,11.212307
99.95,1,11.213883
99.95,1,11.214752
99.95,1,11.21536
99.95,1,11.215883
99.95,1,11.216421
99.95,1,11.216926
99.95,1,11.21743
99.95,1,11.217941
99.95,1,11.21846
99.95,1,11.218959
99.95,1,11.219432
99.95,1,11.219903
99.95,1,11.22037
99.95,1,11.220855
99.95,1,11.221331
99.95,1,11.221847
99.95,1,11.222322
99.95,1,11.2228
99.95,1,11.223268
99.95,1,11.223741
99.95,1,11.224321
99.95,1,11.224876
99.95,1,11.225374
99.95,1,11.226001
99.95,1,11.226516
99.95,1,11.227041
99.95,1,11.227622
99.95,1,11.228099
99.95,1,11.228587
99.95,1,11.229068
99.95,1,11.229575
99.95,1,11.230071
99.95,1,11.230545
99.95,1,11.231055
99.95,1,11.231528
99.95,1,11.232211
99.95,1,11.233099
99.95,1,11.233683
99.95,1,11.234326
99.95,1,11.235108
99.95,1,11.235798
99.95,1,11.236326
99.95,1,11.236812
99.95,1,11.237449
99.95,1,11.238079
99.95,1,11.238977
99.95,1,11.239645
99.95,1,11.240276
99.95,1,11.240773
99.95,1,11.241312
99.95,1,11.241789
99.95,1,11.242272
99.95,1,11.242758
99.95,1,11.243239
99.95,1,11.243746
99.95,1,11.244379
99.95,1,11.245186
99.95,1,11.246118
99.95,1,11.246897
99.95,1,11.247427
99.95,1,11.247916
99.95,1,11.248388
99.95,1,11.248855
99.95,1,11.249333
99.95,1,11.249817
99.95,1,11.250302
99.95,1,11.250777
99.95,1,11.251271
99.95,1,11.251761
99.95,1,11.252278
99.95,1,11.252772
99.95,1,11.253258
99.95,1,11.253728
99.95,1,11.254209
99.95,1,11.254677
99.95,1,11.255137
99.95,1,11.255613
99.95,1,11.256167
99.95,1,11.257351
99.95,1,11.258229
99.95,1,11.258802
99.95,1,11.259368
99.95,1,11.259914
99.95,1,11.260412
99.95,1,11.260975
99.95,1,11.261694
99.95,1,11.262449
99.95,1,11.26299
99.95,1,11.263517
99.95,1,11.263999
99.95,1,11.264477
99.95,1,11.265218
99.95,1,11.265926
99.95,1,11.266649
99.95,1,11.267436
99.95,1,11.268159
99.95,1,11.268744
99.95,1,11.269199
99.95,1,11.269661
99.95,1,11.270136
99.95,1,11.270601
99.95,1,11.271064
99.95,1,11.271645
99.95,1,11.272216
99.95,1,11.272793
99.95,1,11.273255
99.95,1,11.273752
99.95,1,11.274209
99.95,1,11.274706
99.95,1,11.275185
99.95,1,11.275643
99.95,1,11.276109
99.95,1,11.276579
99.95,1,11.277039
99.95,1,11.277524
99.95,1,11.278035
99.95,1,11.278643
99.95,1,11.279132
99.95,1,11.279626
99.95,1,11.280082
99.95,1,11.280545
99.95,1,11.281109
99.95,1,11.2818
99.95,1,11.282466
99.95,1,11.283079
99.95,1,11.283646
99.95,1,11.284114
99.95,1,11.284581
99.95,1,11.28504
99.95,1,11.285507
99.95,1,11.285964
99.95,1,11.286435
99.95,1,11.286969
99.95,1,11.287483
99.95,1,11.287938
99.95,1,11.288393
99.95,1,11.288851
99.95,1,11.289305
99.95,1,11.289766
99.95,1,11.290241
99.95,1,11.290704
99.95,1,11.291156
99.95,1,11.291605
99.95,1,11.292056
99.95,1,11.292514
99.95,1,11.292969
99.95,1,11.29342
99.95,1,11.29388
99.95,1,11.29435
99.95,1,11.295005
99.95,1,11.29563
99.95,1,11.296383
99.95,1,11.297134
99.95,1,11.297601
99.95,1,11.298075
99.95,1,11.298548
99.95,1,11.299007
99.95,1,11.29947
99.95,1,11.29992
99.95,1,11.300372
99.95,1,11.300821
99.95,1,11.301276
99.95,1,11.301728
99.95,1,11.302257
99.95,1,11.302733
99.95,1,11.303205
99.95,1,11.303675
99.95,1,11.304129
99.95,1,11.304615
99.95,1,11.305078
99.95,1,11.305533
99.95,1,11.305986
99.95,1,11.30645
99.95,1,11.306919
99.95,1,11.307384
99.95,1,11.30785
99.95,1,11.308314
99.95,1,11.308775
99.95,1,11.309223
99.95,1,11.309678
99.95,1,11.310133
99.95,1,11.310658
99.95,1,11.311127
99.95,1,11.311599
99.95,1,11.312147
99.95,1,11.312662
99.95,1,11.313138
99.95,1,11.313603
99.95,1,11.314095
99.95,1,11.3146
99.95,1,11.3152
99.95,1,11.315836
99.95,1,11.316417
99.95,1,11.316979
99.95,1,11.31743
99.95,1,11.317928
99.95,1,11.318449
99.95,1,11.318902
99.95,1,11.319353
99.95,1,11.319816
99.95,1,11.320285
99.95,1,11.320739
99.95,1,11.321188
99.95,1,11.321638
99.95,1,11.322085
99.95,1,11.322537
99.95,1,11.323003
99.95,1,11.323468
99.95,1,11.323919
99.95,1,11.324369
99.95,1,11.324818
99.95,1,11.325267
99.95,1,11.325717
99.95,1,11.326166
99.95,1,11.326629
99.95,1,11.3271
99.95,1,11.327625
99.95,1,11.328271
99.95,1,11.32901
99.95,1,11.329583
99.95,1,11.330082
99.95,1,11.33055
99.95,1,11.331004
99.95,1,11.331458
99.95,1,11.331921
99.95,1,11.332382
99.95,1,11.332845
99.95,1,11.333298
99.95,1,11.334477
99.95,1,11.33495
99.95,1,11.335457
99.95,1,11.335989
99.95,1,11.33646
99.95,1,11.336913
99.95,1,11.337373
99.95,1,11.337835
99.95,1,11.338282
99.95,1,11.338733
99.95,1,11.339186
99.95,1,11.339655
99.95,1,11.340128
99.95,1,11.3406
99.95,1,11.341054
99.95,1,11.341506
99.95,1,11.341954
99.95,1,11.342409
99.95,1,11.342866
99.95,1,11.343316
99.95,1,11.34378
99.95,1,11.344277
99.95,1,11.344745
99.95,1,11.345198
99.95,1,11.345648
99.95,1,11.346107
99.95,1,11.346567
99.95,1,11.34703
99.95,1,11.347497
99.95,1,11.347947
99.95,1,11.348394
99.95,1,11.348861
99.95,1,11.349317
99.95,1,11.349797
99.95,1,11.350301
99.95,1,11.350755
99.95,1,11.351221
99.95,1,11.351684
99.95,1,11.352145
99.95,1,11.352608
99.95,1,11.353075
99.95,1,11.353547
99.95,1,11.354033
99.95,1,11.354504
99.95,1,11.354987
99.95,1,11.35549
99.95,1,11.355958
99.95,1,11.356458
99.95,1,11.356952
99.95,1,11.35745
99.95,1,11.357909
99.95,1,11.358369
99.95,1,11.358831
99.95,1,11.359299
99.95,1,11.359766
99.95,1,11.360231
99.95,1,11.360785
99.95,1,11.36125
99.95,1,11.361709
99.95,1,11.362164
99.95,1,11.362634
99.95,1,11.3631
99.95,1,11.363549
99.95,1,11.363996
99.95,1,11.364455
99.95,1,11.364942
99.95,1,11.365409
99.95,1,11.365861
99.95,1,11.366378
99.95,1,11.366855
99.95,1,11.367322
99.95,1,11.367772
99.95,1,11.368222
99.95,1,11.368675
99.95,1,11.369129
99.95,1,11.369583
99.95,1,11.370032
99.95,1,11.37049
99.95,1,11.370963
99.95,1,11.371417
99.95,1,11.371865
99.95,1,11.372317
99.95,1,11.372773
99.95,1,11.373223
99.95,1,11.373699
99.95,1,11.374162
99.95,1,11.374619
99.95,1,11.375098
99.95,1,11.375561
99.95,1,11.37602
99.95,1,11.376484
99.95,1,11.376935
99.95,1,11.377392
99.95,1,11.377851
99.95,1,11.378316
99.95,1,11.378774
99.95,1,11.379224
99.95,1,11.379673
99.95,1,11.380143
99.95,1,11.380611
99.95,1,11.381061
99.95,1,11.38151
99.95,1,11.382125
99.95,1,11.382721
99.95,1,11.383214
99.95,1,11.383671
99.95,1,11.38414
99.95,1,11.384599
99.95,1,11.385074
99.95,1,11.385528
99.95,1,11.385976
99.95,1,11.386425
99.95,1,11.386891
99.95,1,11.387359
99.95,1,11.387824
99.95,1,11.388274
99.95,1,11.388727
99.95,1,11.389181
99.95,1,11.389632
99.95,1,11.390082
99.95,1,11.390546
99.95,1,11.391007
99.95,1,11.391485
99.95,1,11.391944
99.95,1,11.392393
99.95,1,11.392858
99.95,1,11.393321
99.95,1,11.393785
99.95,1,11.394243
99.95,1,11.394734
99.95,1,11.395195
99.95,1,11.395649
99.95,1,11.3961
99.95,1,11.396549
99.95,1,11.397006
99.95,1,11.397461
99.95,1,11.398135
99.95,1,11.398621
99.95,1,11.399105
99.95,1,11.39958
99.95,1,11.40005
99.95,1,11.400509
99.95,1,11.400967
99.95,1,11.40143
99.95,1,11.401894
99.95,1,11.402347
99.95,1,11.402804
99.95,1,11.403256
99.95,1,11.403706
99.95,1,11.404155
99.95,1,11.404615
99.95,1,11.40509
99.95,1,11.405544
99.95,1,11.406018
99.95,1,11.406481
99.95,1,11.406941
99.95,1,11.407409
99.95,1,11.407859
99.95,1,11.408323
99.95,1,11.408785
99.95,1,11.409239
99.95,1,11.409689
99.95,1,11.410136
99.95,1,11.410583
99.95,1,11.411051
99.95,1,11.411518
99.95,1,11.411978
99.95,1,11.412434
99.95,1,11.412898
99.95,1,11.413354
99.95,1,11.413873
99.95,1,11.414322
99.95,1,11.414802
99.95,1,11.415277
99.95,1,11.415732
99.95,1,11.416181
99.95,1,11.416631
99.95,1,11.417081
99.95,1,11.417545
99.95,1,11.418009
99.95,1,11.418474
99.95,1,11.418943
99.95,1,11.419414
99.95,1,11.419865
99.95,1,11.420323
99.95,1,11.420789
99.95,1,12.317726
99.95,1,12.318438
99.95,1,12.319036
99.95,1,12.319614
99.95,1,12.320185
99.95,1,12.320758
99.95,1,12.321334
99.95,1,12.321906
99.95,1,12.322484
99.95,1,12.323062
99.95,1,12.32363
99.95,1,12.324218
99.95,1,12.3248
99.95,1,12.325366
99.95,1,12.325927
99.95,1,12.326522
99.95,1,12.327091
99.95,1,12.327664
99.95,1,12.328234
99.95,1,12.3288
99.95,1,12.329358
99.95,1,12.329912
99.95,1,12.330469
99.95,1,12.331041
99.95,1,12.331598
99.95,1,12.332154
99.95,1,12.332711
99.95,1,12.333267
99.95,1,12.333829
99.95,1,12.334391
99.95,1,12.334946
99.95,1,12.335501
99.95,1,12.336059
99.95,1,12.336621
99.95,1,12.337177
99.95,1,12.337732
99.95,1,12.338287
99.95,1,12.33884
99.95,1,12.339394
99.95,1,12.339948
99.95,1,12.340509
99.95,1,12.341064
99.95,1,12.34166
99.95,1,12.342237
99.95,1,12.342871
99.95,1,12.343396
99.95,1,12.343903
99.95,1,12.344403
99.95,1,12.344893
99.95,1,12.345381
99.95,1,12.345878
99.95,1,12.346364
99.95,1,12.346866
99.95,1,12.34735
99.95,1,12.347836
99.95,1,12.348315
99.95,1,12.348798
99.95,1,12.349284
99.95,1,12.34977
99.95,1,12.350261
99.95,1,12.350746
99.95,1,12.351219
99.95,1,12.351695
99.95,1,12.352294
99.95,1,12.352899
99.95,1,12.353427
99.95,1,12.353928
99.95,1,12.354418
99.95,1,12.354932
99.95,1,12.355545
99.95,1,12.356246
99.95,1,12.356945
99.95,1,12.357802
99.95,1,12.358508
99.95,1,12.359829
99.95,1,12.360449
99.95,1,12.361052
99.95,1,12.361645
99.95,1,12.362234
99.95,1,12.362826
99.95,1,12.363424
99.95,1,12.364002
99.95,1,12.364577
99.95,1,12.365148
99.95,1,12.365717
99.95,1,12.366291
99.95,1,12.366856
99.95,1,12.367435
99.95,1,12.368006
99.95,1,12.368594
99.95,1,12.36918
99.95,1,12.369747
99.95,1,12.370316
99.95,1,12.370879
99.95,1,12.371448
99.95,1,12.372015
99.95,1,12.372917
99.95,1,12.373524
99.95,1,12.37407
99.95,1,12.37458
99.95,1,12.375094
99.95,1,12.375597
99.95,1,12.376094
99.95,1,12.376657
99.95,1,12.377166
99.95,1,12.377663
99.95,1,12.37823
99.95,1,12.378734
99.95,1,12.379213
99.95,1,12.379688
99.95,1,12.38017
99.95,1,12.380653
99.95,1,12.381132
99.95,1,12.381608
99.95,1,12.382093
99.95,1,12.382573
99.95,1,12.383046
99.95,1,12.383528
99.95,1,12.384024
99.95,1,12.384571
99.95,1,12.385071
99.95,1,12.385555
99.95,1,12.386035
99.95,1,12.386508
99.95,1,12.38698
99.95,1,12.387459
99.95,1,12.388063
99.95,1,12.388681
99.95,1,12.389258
99.95,1,12.395788
99.95,1,12.39683
99.95,1,12.397578
99.95,1,12.398241
99.95,1,12.398845
99.95,1,12.399461
99.95,1,12.400146
99.95,1,12.400909
99.95,1,12.401582
99.95,1,12.402196
99.95,1,12.402797
99.95,1,12.403567
99.95,1,12.4043
99.95,1,12.405007
99.95,1,12.405755
99.95,1,12.406482
99.95,1,12.40721
99.95,1,12.407949
99.95,1,12.408688
99.95,1,12.409413
99.95,1,12.410101
99.95,1,12.410819
99.95,1,12.411583
99.95,1,12.412347
99.95,1,12.413091
99.95,1,12.413832
99.95,1,12.414556
99.95,1,12.415278
99.95,1,12.416018
99.95,1,12.416749
99.95,1,12.417493
99.95,1,12.418862
99.95,1,12.419589
99.95,1,12.420258
99.95,1,12.420974
99.95,1,12.421555
99.95,1,12.422076
99.95,1,12.422758
99.95,1,12.423301
99.95,1,12.42383
99.95,1,12.424479
99.95,1,12.425074
99.95,1,12.42565
99.95,1,12.426167
99.95,1,12.426662
99.95,1,12.42714
99.95,1,12.427876
99.95,1,12.428625
99.95,1,12.429279
99.95,1,12.429916
99.95,1,12.430524
99.95,1,12.431124
99.95,1,12.43173
99.95,1,12.43233
99.95,1,12.432935
99.95,1,12.433625
99.95,1,12.434302
99.95,1,12.434996
99.95,1,12.435664
99.95,1,12.436168
99.95,1,12.43666
99.95,1,12.437138
99.95,1,12.437628
99.95,1,12.438106
99.95,1,12.438577
99.95,1,12.439046
99.95,1,12.439521
99.95,1,12.439994
99.95,1,12.440462
99.95,1,12.440935
99.95,1,12.441411
99.95,1,12.441879
99.95,1,12.442344
99.95,1,12.442819
99.95,1,12.443291
99.95,1,12.443758
99.95,1,12.444259
99.95,1,12.444742
99.95,1,12.445212
99.95,1,12.445682
99.95,1,12.446147
99.95,1,12.446617
99.95,1,12.447083
99.95,1,12.44755
99.95,1,12.448017
99.95,1,12.44849
99.95,1,12.449005
99.95,1,12.449488
99.95,1,12.449958
99.95,1,12.450426
99.95,1,12.450899
99.95,1,12.451377
99.95,1,12.451845
99.95,1,12.45231
99.95,1,12.452782
99.95,1,12.45325
99.95,1,12.453719
99.95,1,12.454185
99.95,1,12.454658
99.95,1,12.455124
99.95,1,12.455592
99.95,1,12.456061
99.95,1,12.456528
99.95,1,12.456993
99.95,1,12.457463
99.95,1,12.457937
99.95,1,12.458407
99.95,1,12.45887
99.95,1,12.459337
99.95,1,12.459809
99.95,1,12.460279
99.95,1,12.460743
99.95,1,12.461401
99.95,1,12.462129
99.95,1,12.462865
99.95,1,12.463587
99.95,1,12.464299
99.95,1,12.465035
99.95,1,12.46566
99.95,1,12.46618
99.95,1,12.466682
99.95,1,12.467169
99.95,1,12.467791
99.95,1,12.46852
99.95,1,12.469072
99.95,1,12.469626
99.95,1,12.470103
99.95,1,12.470588
99.95,1,12.471067
99.95,1,12.471542
99.95,1,12.472012
99.95,1,12.472481
99.95,1,12.472952
99.95,1,12.473428
99.95,1,12.473898
99.95,1,12.474383
99.95,1,12.474853
99.95,1,12.475319
99.95,1,12.475792
99.95,1,12.476264
99.95,1,12.476732
99.95,1,12.477197
99.95,1,12.477689
99.95,1,12.478167
99.95,1,12.478639
99.95,1,12.479102
99.95,1,12.47984
99.95,1,12.480531
99.95,1,12.481152
99.95,1,12.481749
99.95,1,12.482337
99.95,1,12.482913
99.95,1,12.483485
99.95,1,12.484063
99.95,1,12.484643
99.95,1,12.485213
99.95,1,12.48578
99.95,1,12.486347
99.95,1,12.486921
99.95,1,12.487487
99.95,1,12.48805
99.95,1,12.488616
99.95,1,12.489183
99.95,1,12.489751
99.95,1,12.490313
99.95,1,12.490878
99.95,1,12.491438
99.95,1,12.492005
99.95,1,12.492573
99.95,1,12.493134
99.95,1,12.493694
99.95,1,12.494253
99.95,1,12.494864
99.95,1,12.495537
99.95,1,12.496154
99.95,1,12.496753
99.95,1,12.497343
99.95,1,12.497922
99.95,1,12.498501
99.95,1,12.499072
99.95,1,12.499656
99.95,1,12.500237
99.95,1,12.500811
99.95,1,12.501382
99.95,1,12.501955
99.95,1,12.502531
99.95,1,12.503097
99.95,1,12.503672
99.95,1,12.504254
99.95,1,12.504823
99.95,1,12.505393
99.95,1,12.505958
99.95,1,12.506532
99.95,1,12.507097
99.95,1,12.507665
99.95,1,12.508227
99.95,1,12.508791
99.95,1,12.509377
99.95,1,12.509887
99.95,1,12.510488
99.95,1,12.511155
99.95,1,12.511761
99.95,1,12.512346
99.95,1,12.51292
99.95,1,12.513498
99.95,1,12.514079
99.95,1,12.514655
99.95,1,12.51522
99.95,1,12.515785
99.95,1,12.516354
99.95,1,12.516846
99.95,1,12.517326
99.95,1,12.5178
99.95,1,12.518275
99.95,1,12.518744
99.95,1,12.519218
99.95,1,12.519692
99.95,1,12.520163
99.95,1,12.520637
99.95,1,12.521111
99.95,1,12.521588
99.95,1,12.52206
99.95,1,12.522534
99.95,1,12.523002
99.95,1,12.523469
99.95,1,12.523935
99.95,1,12.524412
99.95,1,12.524883
99.95,1,12.525357
99.95,1,12.525853
99.95,1,12.526351
99.95,1,12.526826
99.95,1,12.527297
99.95,1,12.527766
99.95,1,12.528238
99.95,1,12.528715
99.95,1,12.529187
99.95,1,12.529656
99.95,1,12.530126
99.95,1,12.530596
99.95,1,12.531072
99.95,1,12.531549
99.95,1,12.532021
99.95,1,12.532493
99.95,1,12.532964
99.95,1,12.533437
99.95,1,12.533905
99.95,1,12.534378
99.95,1,12.53487
99.95,1,12.535352
99.95,1,12.535827
99.95,1,12.536304
99.95,1,12.536775
99.95,1,12.537244
99.95,1,12.53772
99.95,1,12.53819
99.95,1,12.538665
99.95,1,12.539142
99.95,1,12.539615
99.95,1,12.540083
99.95,1,12.540564
99.95,1,12.541036
99.95,1,12.541506
99.95,1,12.54199
99.95,1,12.542465
99.95,1,12.542941
99.95,1,12.543413
99.95,1,12.543881
99.95,1,12.544353
99.95,1,12.544829
99.95,1,12.545302
99.95,1,12.545772
99.95,1,12.546246
99.95,1,12.546722
99.95,1,12.547192
99.95,1,12.547661
99.95,1,12.548129
99.95,1,12.548609
99.95,1,12.549081
99.95,1,12.54955
99.95,1,12.550018
99.95,1,12.550492
99.95,1,12.550961
99.95,1,12.551429
99.95,1,12.551894
99.95,1,12.552365
99.95,1,12.552831
99.95,1,12.553298
99.95,1,12.553768
99.95,1,12.554235
99.95,1,12.554713
99.95,1,12.555189
99.95,1,12.555661
99.95,1,12.55613
99.95,1,12.556606
99.95,1,12.557082
99.95,1,12.557553
99.95,1,12.558083
99.95,1,12.558552
99.95,1,12.559047
99.95,1,12.559504
99.95,1,12.55999
99.95,1,12.560448
99.95,1,12.560935
99.95,1,12.561393
99.95,1,12.561864
99.95,1,12.562332
99.95,1,12.562821
99.95,1,12.563275
99.95,1,12.563765
99.95,1,12.564221
99.95,1,12.564731
99.95,1,12.565202
99.95,1,12.56569
99.95,1,12.566147
99.95,1,12.566635
99.95,1,12.567088
99.95,1,12.567553
99.95,1,12.568039
99.95,1,12.568501
99.95,1,12.56899
99.95,1,12.569448
99.95,1,12.569935
99.95,1,12.570391
99.95,1,12.570874
99.95,1,12.571335
99.95,1,12.571794
99.95,1,12.572277
99.95,1,12.572734
99.95,1,12.573223
99.95,1,12.57367
99.95,1,12.574132
99.95,1,12.574594
99.95,1,12.575053
99.95,1,12.575498
99.95,1,12.575946
99.95,1,12.576411
99.95,1,12.576856
99.95,1,12.577317
99.95,1,12.577775
99.95,1,12.578238
99.95,1,12.57869
99.95,1,12.579144
99.95,1,12.579602
99.95,1,12.580046
99.95,1,12.580512
99.95,1,12.58096
99.95,1,12.581421
99.95,1,12.581881
99.95,1,12.582346
99.95,1,12.582807
99.95,1,12.583266
99.95,1,12.583728
99.95,1,12.584174
99.95,1,12.584641
99.95,1,12.585088
99.95,1,12.585548
99.95,1,12.585993
99.95,1,12.586455
99.95,1,12.58691
99.95,1,12.587367
99.95,1,12.587828
99.95,1,12.588279
99.95,1,12.588844
99.95,1,12.589328
99.95,1,12.589815
99.95,1,12.590277
99.95,1,12.590735
99.95,1,12.591183
99.95,1,12.591637
99.95,1,12.592087
99.95,1,12.592537
99.95,1,12.592998
99.95,1,12.593458
99.95,1,12.593918
99.95,1,12.594379
99.95,1,12.594828
99.95,1,12.595296
99.95,1,12.595752
99.95,1,12.596201
99.95,1,12.59666
99.95,1,12.597123
99.95,1,12.597587
99.95,1,12.598035
99.95,1,12.598486
99.95,1,12.598941
99.95,1,12.599388
99.95,1,12.599834
99.95,1,12.600277
99.95,1,12.600731
99.95,1,12.601181
99.95,1,12.601627
99.95,1,12.602072
99.95,1,12.60253
99.95,1,12.602988
99.95,1,12.603431
99.95,1,12.60389
99.95,1,12.604351
99.95,1,12.605159
99.95,1,12.605764
99.95,1,12.606367
99.95,1,12.607009
99.95,1,12.607538
99.95,1,12.608034
99.95,1,12.608505
99.95,1,12.60898
99.95,1,12.609457
99.95,1,12.609926
99.95,1,12.610396
99.95,1,12.610885
99.95,1,12.611389
99.95,1,12.611845
99.95,1,12.612312
99.95,1,12.612772
99.95,1,12.613259
99.95,1,12.613722
99.95,1,12.614185
99.95,1,12.614643
99.95,1,12.615121
99.95,1,12.615573
99.95,1,12.616023
99.95,1,12.616487
99.95,1,12.616942
99.95,1,12.617414
99.95,1,12.617872
99.95,1,12.618329
99.95,1,12.618796
99.95,1,12.61927
99.95,1,12.619719
99.95,1,12.620172
99.95,1,12.620693
99.95,1,12.621146
99.95,1,12.621615
99.95,1,12.62207
99.95,1,12.622539
99.95,1,12.622999
99.95,1,12.623464
99.95,1,12.623934
99.95,1,12.624388
99.95,1,12.624881
99.95,1,12.625342
99.95,1,12.625812
99.95,1,12.626262
99.95,1,12.626728
99.95,1,12.627186
99.95,1,12.627681
99.95,1,12.628155
99.95,1,12.628602
99.95,1,12.62907
99.95,1,12.629539
99.95,1,12.630006
99.95,1,12.630458
99.95,1,12.630919
99.95,1,12.631388
99.95,1,12.631858
99.95,1,12.632321
99.95,1,12.632783
99.95,1,12.633267
99.95,1,12.633728
99.95,1,12.6342
99.95,1,12.634662
99.95,1,12.635174
99.95,1,12.635622
99.95,1,12.636088
99.95,1,12.636545
99.95,1,12.636993
99.95,1,12.637459
99.95,1,12.637918
99.95,1,12.63838
99.95,1,12.638829
99.95,1,12.639303
99.95,1,12.639762
99.95,1,12.640225
99.95,1,12.640682
99.95,1,12.641142
99.95,1,12.641608
99.95,1,12.64206
99.95,1,12.642526
99.95,1,12.642981
99.95,1,12.643452
99.95,1,12.643902
99.95,1,12.644362
99.95,1,12.644822
99.95,1,12.645275
99.95,1,12.64575
99.95,1,12.646213
99.95,1,12.646676
99.95,1,12.647126
99.95,1,12.647594
99.95,1,12.648056
99.95,1,12.648515
99.95,1,12.64898
99.95,1,12.649443
99.95,1,12.649908
99.95,1,12.650368
99.95,1,12.650892
99.95,1,12.65137
99.95,1,12.651844
99.95,1,12.652313
99.95,1,12.652777
99.95,1,12.653257
99.95,1,12.653717
99.95,1,12.654197
99.95,1,12.654661
99.95,1,12.655145
99.95,1,12.655611
99.95,1,12.656081
99.95,1,12.656542
99.95,1,12.657015
99.95,1,12.657474
99.95,1,12.657921
99.95,1,12.658383
99.95,1,12.658848
99.95,1,12.659312
99.95,1,12.659762
99.95,1,12.660225
99.95,1,12.660679
99.95,1,12.661145
99.95,1,12.661612
99.95,1,12.662095
99.95,1,12.662561
99.95,1,12.663013
99.95,1,12.663489
99.95,1,12.663951
99.95,1,12.664415
99.95,1,12.664874
99.95,1,12.665333
99.95,1,12.665796
99.95,1,12.66625
99.95,1,12.666781
99.95,1,12.667259
99.95,1,12.667726
99.95,1,12.668189
99.95,1,12.668643
99.95,1,12.669096
99.95,1,12.66956
99.95,1,12.670024
99.95,1,12.670473
99.95,1,12.670934
99.95,1,12.671402
99.95,1,12.671866
99.95,1,12.672315
99.95,1,12.672773
99.95,1,12.673228
99.95,1,12.673687
99.95,1,12.674156
99.95,1,12.674616
99.95,1,12.675079
99.95,1,12.675531
99.95,1,12.675998
99.95,1,12.676462
99.95,1,12.676912
99.95,1,12.677363
99.95,1,12.677828
99.95,1,12.678293
99.95,1,12.678743
99.95,1,12.679201
99.95,1,12.679666
99.95,1,12.68012
99.95,1,12.680574
99.95,1,12.681025
99.95,1,12.681477
99.95,1,12.681925
99.95,1,12.682458
99.95,1,12.683069
99.95,1,12.683539
99.95,1,12.684005
99.95,1,12.684471
99.95,1,12.684953
99.95,1,12.685414
99.95,1,12.685876
99.95,1,12.686336
99.95,1,12.686807
99.95,1,12.68726
99.95,1,12.687725
99.95,1,12.688182
99.95,1,12.688649
99.95,1,12.689135
99.95,1,12.689603
99.95,1,12.690052
99.95,1,12.690512
99.95,1,12.690972
99.95,1,12.691441
99.95,1,12.691892
99.95,1,12.692339
99.95,1,12.692798
99.95,1,12.693265
99.95,1,12.693719
99.95,1,12.694179
99.95,1,12.694636
99.95,1,12.695093
99.95,1,12.695561
99.95,1,12.696013
99.95,1,12.696461
99.95,1,12.69692
99.95,1,12.697422
99.95,1,12.697884
99.95,1,12.698336
99.95,1,12.698786
99.95,1,12.699245
99.95,1,12.699711
99.95,1,12.700175
99.95,1,12.700625
99.95,1,12.701071
99.95,1,12.701522
99.95,1,12.701981
99.95,1,12.702441
99.95,1,12.702888
99.95,1,12.703345
99.95,1,12.703802
99.95,1,12.704252
99.95,1,12.704701
99.95,1,12.705149
99.95,1,12.705599
99.95,1,12.706062
99.95,1,12.706525
99.95,1,12.70699
99.95,1,12.707441
99.95,1,12.70789
99.95,1,12.708354
99.95,1,12.708817
99.95,1,12.709265
99.95,1,12.709725
99.95,1,12.710185
99.95,1,12.710634
99.95,1,12.71109
99.95,1,12.711543
99.95,1,12.711992
99.95,1,12.712573
99.95,1,12.713051
99.95,1,12.713517
99.95,1,12.713972
99.95,1,12.714446
99.95,1,12.714908
99.95,1,12.715362
99.95,1,12.715817
99.95,1,12.716265
99.95,1,12.716715
99.95,1,12.717192
99.95,1,12.71766
99.95,1,12.718123
99.95,1,12.718573
99.95,1,12.719032
99.95,1,12.719497
99.95,1,12.719961
99.95,1,12.72042
99.95,1,12.720885
99.95,1,12.721334
99.95,1,12.721787
99.95,1,12.722237
99.95,1,12.722686
99.95,1,12.723133
99.95,1,12.723595
99.95,1,12.724056
99.95,1,12.724501
99.95,1,12.724952
99.95,1,12.725401
99.95,1,12.72585
99.95,1,12.726309
99.95,1,12.72677
99.95,1,12.727283
99.95,1,12.727737
99.95,1,12.728196
99.95,1,12.728652
99.95,1,12.729107
99.95,1,12.729575
99.95,1,12.730035
99.95,1,12.730498
99.95,1,12.730965
99.95,1,12.731429
99.95,1,12.731882
99.95,1,12.73234
99.95,1,12.732807
99.95,1,12.733274
99.95,1,12.733734
99.95,1,12.734196
99.95,1,12.734659
99.95,1,12.735107
99.95,1,12.735564
99.95,1,12.736015
99.95,1,12.736464
99.95,1,12.736931
99.95,1,12.737392
99.95,1,12.737859
99.95,1,12.738308
99.95,1,12.738757
99.95,1,12.739204
99.95,1,12.739676
99.95,1,12.740129
99.95,1,12.740587
99.95,1,12.741051
99.95,1,12.741505
99.95,1,12.741959
99.95,1,12.742419
99.95,1,12.742907
99.95,1,12.743376
99.95,1,12.74383
99.95,1,12.744279
99.95,1,12.744739
99.95,1,12.745225
99.95,1,12.745692
99.95,1,12.746147
99.95,1,12.7466
99.95,1,12.74705
99.95,1,12.747511
99.95,1,12.747983
99.95,1,12.748434
99.95,1,12.748882
99.95,1,12.74933
99.95,1,12.749794
99.95,1,12.750254
99.95,1,12.750712
99.95,1,12.751181
99.95,1,12.751648
99.95,1,12.752113
99.95,1,12.752566
99.95,1,12.753017
99.95,1,12.753477
99.95,1,12.753937
99.95,1,12.754399
99.95,1,12.754861
99.95,1,12.755326
99.95,1,12.755789
99.95,1,12.756249
99.95,1,12.756706
99.95,1,12.757169
99.95,1,12.757621
99.95,1,12.758066
99.95,1,12.758518
99.95,1,12.759059
99.95,1,12.759506
99.95,1,12.759969
99.95,1,12.76043
99.95,1,12.760881
99.95,1,12.76133
99.95,1,12.761783
99.95,1,12.762252
99.95,1,12.762705
99.95,1,12.763158
99.95,1,12.763609
99.95,1,12.764083
99.95,1,12.764546
99.95,1,12.764996
99.95,1,12.765445
99.95,1,12.76591
99.95,1,12.766371
99.95,1,12.76682
99.95,1,12.767285
99.95,1,12.767755
99.95,1,12.768203
99.95,1,12.768662
99.95,1,12.769122
99.95,1,12.769569
99.95,1,12.770025
99.95,1,12.770484
99.95,1,12.77094
99.95,1,12.771401
99.95,1,12.771853
99.95,1,12.772307
99.95,1,12.772768
99.95,1,12.77323
99.95,1,12.773682
99.95,1,12.774276
99.95,1,12.774814
99.95,1,12.775303
99.95,1,12.775787
99.95,1,12.776247
99.95,1,12.776698
99.95,1,12.77715
99.95,1,12.777597
99.95,1,12.778066
99.95,1,12.778533
99.95,1,12.779009
99.95,1,12.779472
99.95,1,12.779923
99.95,1,12.78037
99.95,1,12.780821
99.95,1,12.781282
99.95,1,12.781748
99.95,1,12.782198
99.95,1,12.782645
99.95,1,12.783094
99.95,1,12.783546
99.95,1,12.783996
99.95,1,12.784444
99.95,1,12.784907
99.95,1,12.785372
99.95,1,12.785825
99.95,1,12.78629
99.95,1,12.786755
99.95,1,12.787204
99.95,1,12.787654
99.95,1,12.78811
99.95,1,12.788562
99.95,1,12.789009
99.95,1,12.789468
99.95,1,12.78998
99.95,1,12.790453
99.95,1,12.790904
99.95,1,12.791352
99.95,1,12.791827
99.95,1,12.792288
99.95,1,12.792742
99.95,1,12.793205
99.95,1,12.793658
99.95,1,12.794111
99.95,1,12.79456
99.95,1,12.795009
99.95,1,12.795457
99.95,1,12.795915
99.95,1,12.796366
99.95,1,12.796824
99.95,1,12.797287
99.95,1,12.797737
99.95,1,12.798203
99.95,1,12.798665
99.95,1,12.799115
99.95,1,12.799562
99.95,1,12.800028
99.95,1,12.800483
99.95,1,12.800949
99.95,1,12.8014
99.95,1,12.801852
99.95,1,12.802299
99.95,1,12.802758
99.95,1,12.80322
99.95,1,12.80367
99.95,1,12.804121
99.95,1,12.804584
99.95,1,12.805031
99.95,1,12.80548
99.95,1,12.805984
99.95,1,12.806449
99.95,1,12.806916
99.95,1,12.807364
99.95,1,12.807817
99.95,1,12.808269
99.95,1,12.808718
99.95,1,12.809169
99.95,1,12.809628
99.95,1,12.810087
99.95,1,12.810551
99.95,1,12.811027
99.95,1,12.81149
99.95,1,12.811941
99.95,1,12.812399
99.95,1,12.81286
99.95,1,12.813311
99.95,1,12.813765
99.95,1,12.814213
99.95,1,12.81466
99.95,1,12.815119
99.95,1,12.815575
99.95,1,12.816039
99.95,1,12.816503
99.95,1,12.816951
99.95,1,12.817399
99.95,1,12.817851
99.95,1,12.818296
99.95,1,12.818744
99.95,1,12.81919
99.95,1,12.81964
99.95,1,12.82009
99.95,1,12.82054
99.95,1,12.820992
99.95,1,12.821451
99.95,1,12.821921
99.95,1,12.822383
99.95,1,12.822835
99.95,1,12.823284
99.95,1,12.823746
99.95,1,12.824197
99.95,1,12.824656
99.95,1,12.825116
99.95,1,12.825561
99.95,1,12.826021
99.95,1,12.826482
99.95,1,12.826941
99.95,1,12.827403
99.95,1,12.827855
99.95,1,12.828303
99.95,1,12.828759
99.95,1,12.829223
99.95,1,12.829671
99.95,1,12.830122
99.95,1,12.830569
99.95,1,12.831028
99.95,1,12.83149
99.95,1,12.831949
99.95,1,12.832408
99.95,1,12.832864
99.95,1,12.833328
99.95,1,12.833797
99.95,1,12.834268
99.95,1,12.834718
99.95,1,12.835181
99.95,1,12.835642
99.95,1,12.8361
99.95,1,12.836551
99.95,1,12.837
99.95,1,12.837565
99.95,1,12.838103
99.95,1,12.838571
99.95,1,12.83902
99.95,1,12.839481
99.95,1,12.839947
99.95,1,12.840414
99.95,1,12.840865
99.95,1,12.841314
99.95,1,12.84177
99.95,1,12.842235
99.95,1,12.842685
99.95,1,12.843137
99.95,1,12.843587
99.95,1,12.844039
99.95,1,12.8445
99.95,1,12.84496
99.95,1,12.845418
99.95,1,12.845884
99.95,1,12.846338
99.95,1,12.846797
99.95,1,12.847259
99.95,1,12.847709
99.95,1,12.848162
99.95,1,12.848613
99.95,1,12.849061
99.95,1,12.849507
99.95,1,12.849958
99.95,1,12.850405
99.95,1,12.850856
99.95,1,12.851305
99.95,1,12.851752
99.95,1,12.852299
99.95,1,12.852787
99.95,1,12.853251
99.95,1,12.853706
99.95,1,12.854161
99.95,1,12.854629
99.95,1,12.855098
99.95,1,12.855567
99.95,1,12.856022
99.95,1,12.856488
99.95,1,12.856937
99.95,1,12.857403
99.95,1,12.857867
99.95,1,12.858321
99.95,1,12.858781
99.95,1,12.859238
99.95,1,12.859699
99.95,1,12.86017
99.95,1,12.860619
99.95,1,12.861065
99.95,1,12.861513
99.95,1,12.861962
99.95,1,12.862438
99.95,1,12.862906
99.95,1,12.863357
99.95,1,12.863806
99.95,1,12.86428
99.95,1,12.864753
99.95,1,12.865222
99.95,1,12.865672
99.95,1,12.866125
99.95,1,12.866579
99.95,1,12.86703
99.95,1,12.867528
99.95,1,12.867979
99.95,1,12.868428
99.95,1,12.868888
99.95,1,12.869345
99.95,1,12.869812
99.95,1,12.870276
99.95,1,12.870741
99.95,1,12.871189
99.95,1,12.871646
99.95,1,12.87211
99.95,1,12.87257
99.95,1,12.873035
99.95,1,12.873487
99.95,1,12.873946
99.95,1,12.874411
99.95,1,12.874859
99.95,1,12.875311
99.95,1,12.87576
99.95,1,12.876211
99.95,1,12.87666
99.95,1,12.877122
99.95,1,12.877584
99.95,1,12.878037
99.95,1,12.878486
99.95,1,12.878933
99.95,1,12.87938
99.95,1,12.879844
99.95,1,12.88031
99.95,1,12.880759
99.95,1,12.881217
99.95,1,12.881677
99.95,1,12.882185
99.95,1,12.882715
99.95,1,12.883182
99.95,1,12.883651
99.95,1,12.884147
99.95,1,12.884594
99.95,1,12.885061
99.95,1,12.885524
99.95,1,12.885987
99.95,1,12.88644
99.95,1,12.8869
99.95,1,12.887362
99.95,1,12.887817
99.95,1,12.888272
99.95,1,12.888721
99.95,1,12.889167
99.95,1,12.889614
99.95,1,12.890066
99.95,1,12.890525
99.95,1,12.891017
99.95,1,12.891465
99.95,1,12.891914
99.95,1,12.892364
99.95,1,12.892818
99.95,1,12.893266
99.95,1,12.893725
99.95,1,12.894186
99.95,1,12.89465
99.95,1,12.895118
99.95,1,12.895578
99.95,1,12.896056
99.95,1,12.896515
99.95,1,12.896966
99.95,1,12.897416
99.95,1,12.897877
99.95,1,12.898445
99.95,1,12.8989
99.95,1,12.899349
99.95,1,12.899807
99.95,1,12.900274
99.95,1,12.900725
99.95,1,12.90118
99.95,1,12.901642
99.95,1,12.902107
99.95,1,12.902557
99.95,1,12.90301
99.95,1,12.903473
99.95,1,12.903931
99.95,1,12.904396
99.95,1,12.904844
99.95,1,12.905291
99.95,1,12.905746
99.95,1,12.9062
99.95,1,12.906672
99.95,1,12.90712
99.95,1,12.907572
99.95,1,12.908035
99.95,1,12.908501
99.95,1,12.908964
99.95,1,12.909427
99.95,1,12.909881
99.95,1,12.910341
99.95,1,12.910792
99.95,1,12.911241
99.95,1,12.911698
99.95,1,12.912168
99.95,1,12.912617
99.95,1,12.913077
99.95,1,12.913536
99.95,1,12.91416
99.95,1,12.91463
99.95,1,12.915107
99.95,1,12.91557
99.95,1,12.916024
99.95,1,12.916488
99.95,1,12.916951
99.95,1,12.917398
99.95,1,12.917845
99.95,1,12.918306
99.95,1,12.918766
99.95,1,12.919214
99.95,1,12.919664
99.95,1,12.920113
99.95,1,12.920564
99.95,1,12.921012
99.95,1,12.921463
99.95,1,12.921911
99.95,1,12.92236
99.95,1,12.922807
99.95,1,12.923254
99.95,1,12.923722
99.95,1,12.924176
99.95,1,12.924648
99.95,1,12.925109
99.95,1,12.925562
99.95,1,12.926012
99.95,1,12.926474
99.95,1,12.926937
99.95,1,12.927388
99.95,1,12.927851
99.95,1,12.928321
99.95,1,12.928769
99.95,1,12.929232
99.95,1,12.929717
99.95,1,12.930344
99.95,1,12.930844
99.95,1,12.931322
99.95,1,12.931783
99.95,1,12.932245
99.95,1,12.932705
99.95,1,12.933155
99.95,1,12.933604
99.95,1,12.934058
99.95,1,12.934515
99.95,1,12.934971
99.95,1,12.93542
99.95,1,12.935869
99.95,1,12.936319
99.95,1,12.936772
99.95,1,12.937224
99.95,1,12.937674
99.95,1,12.938123
99.95,1,12.938583
99.95,1,12.939049
99.95,1,12.939503
99.95,1,12.939954
99.95,1,12.940422
99.95,1,12.940869
99.95,1,12.941329
99.95,1,12.941795
99.95,1,12.942248
99.95,1,12.942703
99.95,1,12.943157
99.95,1,12.943608
99.95,1,12.944069
99.95,1,12.944599
99.95,1,12.945068
99.95,1,12.94552
99.95,1,12.946009
99.95,1,12.946462
99.95,1,12.946914
99.95,1,12.947376
99.95,1,12.94784
99.95,1,12.948292
99.95,1,12.948739
99.95,1,12.949216
99.95,1,12.949683
99.95,1,12.950133
99.95,1,12.950585
99.95,1,12.951057
99.95,1,12.951513
99.95,1,12.951974
99.95,1,12.952432
99.95,1,12.952882
99.95,1,12.953329
99.95,1,12.95378
99.95,1,12.954255
99.95,1,12.954708
99.95,1,12.955169
99.95,1,12.955631
99.95,1,12.956084
99.95,1,12.95655
99.95,1,12.957012
99.95,1,12.957477
99.95,1,12.957934
99.95,1,12.958396
99.95,1,12.95886
99.95,1,12.959311
99.95,1,12.95976
99.95,1,12.960213
99.95,1,12.960667
99.95,1,12.961198
99.95,1,12.961658
99.95,1,12.962147
99.95,1,12.962606
99.95,1,12.96306
99.95,1,12.96352
99.95,1,12.963972
99.95,1,12.964434
99.95,1,12.964895
99.95,1,12.965343
99.95,1,12.96579
99.95,1,12.966238
99.95,1,12.966702
99.95,1,12.967161
99.95,1,12.967621
99.95,1,12.968069
99.95,1,12.968524
99.95,1,12.968975
99.95,1,12.969435
99.95,1,12.969894
99.95,1,12.970358
99.95,1,12.970805
99.95,1,12.971266
99.95,1,12.971731
99.95,1,12.972181
99.95,1,12.972648
99.95,1,12.973096
99.95,1,12.973543
99.95,1,12.97399
99.95,1,12.974446
99.95,1,12.974896
99.95,1,12.975361
99.95,1,12.975826
99.95,1,12.976285
99.95,1,12.976744
99.95,1,12.977205
99.95,1,12.977654
99.95,1,12.978196
99.95,1,12.978669
99.95,1,12.97913
99.95,1,12.979599
99.95,1,12.980057
99.95,1,12.980513
99.95,1,12.980961
99.95,1,12.98141
99.95,1,12.981875
99.95,1,12.982349
99.95,1,12.9828
99.95,1,12.983259
99.95,1,12.983723
99.95,1,12.984192
99.95,1,12.984659
99.95,1,12.985149
99.95,1,12.98562
99.95,1,12.98608
99.95,1,12.986547
99.95,1,12.986996
99.95,1,12.987456
99.95,1,12.987921
99.95,1,12.988376
99.95,1,12.988837
99.95,1,12.9893
99.95,1,12.98975
99.95,1,12.990209
99.95,1,12.990669
99.95,1,12.991133
99.95,1,12.991583
99.95,1,12.992031
99.95,1,12.992483
99.95,1,12.992942
99.95,1,12.993467
99.95,1,12.993928
99.95,1,12.994386
99.95,1,12.994846
99.95,1,12.995307
99.95,1,12.995757
99.95,1,12.99622
99.95,1,12.996687
99.95,1,12.997137
99.95,1,12.997595
99.95,1,12.998058
99.95,1,12.998516
99.95,1,12.998966
99.95,1,12.999413
99.95,1,12.999875
99.95,1,13.000324
99.95,1,13.000779
99.95,1,13.001231
99.95,1,13.001679
99.95,1,13.002128
99.95,1,13.00258
99.95,1,13.003033
99.95,1,13.003484
99.95,1,13.003932
99.95,1,13.00438
99.95,1,13.004838
99.95,1,13.005289
99.95,1,13.005749
99.95,1,13.006206
99.95,1,13.006677
99.95,1,13.007146
99.95,1,13.007607
99.95,1,13.008095
99.95,1,13.008554
99.95,1,13.009025
99.95,1,13.009479
99.95,1,13.009938
99.95,1,13.010391
99.95,1,13.010843
99.95,1,13.011291
99.95,1,13.011753
99.95,1,13.012222
99.95,1,13.012676
99.95,1,13.013147
99.95,1,13.013609
99.95,1,13.01406
99.95,1,13.014531
99.95,1,13.014981
99.95,1,13.015428
99.95,1,13.015874
99.95,1,13.01634
99.95,1,13.016807
99.95,1,13.017255
99.95,1,13.017712
99.95,1,13.018174
99.95,1,13.018625
99.95,1,13.019073
99.95,1,13.01953
99.95,1,13.019996
99.95,1,13.020445
99.95,1,13.020907
99.95,1,13.021362
99.95,1,13.02183
99.95,1,13.02228
99.95,1,13.022732
99.95,1,13.023177
99.95,1,13.023635
99.95,1,13.024875
99.95,1,13.025347
99.95,1,13.025808
99.95,1,13.026279
99.95,1,13.026734
99.95,1,13.027184
99.95,1,13.027644
99.95,1,13.028099
99.95,1,13.028552
99.95,1,13.029026
99.95,1,13.029495
99.95,1,13.029946
99.95,1,13.030405
99.95,1,13.03087
99.95,1,13.031334
99.95,1,13.031799
99.95,1,13.032246
99.95,1,13.032698
99.95,1,13.033145
99.95,1,13.033615
99.95,1,13.034077
99.95,1,13.034542
99.95,1,13.034997
99.95,1,13.035453
99.95,1,13.035913
99.95,1,13.036376
99.95,1,13.036828
99.95,1,13.037292
99.95,1,13.037755
99.95,1,13.038203
99.95,1,13.038655
99.95,1,13.039101
99.95,1,13.039648
99.95,1,13.040345
99.95,1,13.041256
99.95,1,13.042122
99.95,1,13.043036
99.95,1,13.044018
99.95,1,13.044849
99.95,1,13.045614
99.95,1,13.046324
99.95,1,13.047075
99.95,1,13.047809
99.95,1,13.048541
99.95,1,13.049266
99.95,1,13.050017
99.95,1,13.050752
99.95,1,13.051478
99.95,1,13.052204
99.95,1,13.052956
99.95,1,13.053686
99.95,1,13.054428
99.95,1,13.055105
99.95,1,13.055697
99.95,1,13.056235
99.95,1,13.056797
99.95,1,13.057321
99.95,1,13.057852
99.95,1,13.058401
99.95,1,13.058924
99.95,1,13.059433
99.95,1,13.059943
99.95,1,13.060455
99.95,1,13.060985
99.95,1,13.061493
99.95,1,13.062002
99.95,1,13.06252
99.95,1,13.063031
99.95,1,13.063537
99.95,1,13.064055
99.95,1,13.064585
99.95,1,13.065146
99.95,1,13.065977
99.95,1,13.067213
99.95,1,13.0678
99.95,1,13.068296
99.95,1,13.068816
99.95,1,13.069294
99.95,1,13.069852
99.95,1,13.070331
99.95,1,13.0708
99.95,1,13.071273
99.95,1,13.071731
99.95,1,13.072271
99.95,1,13.072764
99.95,1,13.07323
99.95,1,13.073862
99.95,1,13.074728
99.95,1,13.075512
99.95,1,13.076275
99.95,1,13.076931
99.95,1,13.077438
99.95,1,13.077927
99.95,1,13.07844
99.95,1,13.078926
99.95,1,13.079426
99.95,1,13.0799
99.95,1,13.080351
99.95,1,13.080817
99.95,1,13.081261
99.95,1,13.08172
99.95,1,13.082162
99.95,1,13.082629
99.95,1,13.083075
99.95,1,13.083519
99.95,1,13.083984
99.95,1,13.084429
99.95,1,13.084891
99.95,1,13.085332
99.95,1,13.08583
99.95,1,13.086287
99.95,1,13.086746
99.95,1,13.087205
99.95,1,13.087646
99.95,1,13.088128
99.95,1,13.088578
99.95,1,13.089038
99.95,1,13.08948
99.95,1,13.089946
99.95,1,13.090393
99.95,1,13.090838
99.95,1,13.091294
99.95,1,13.091747
99.95,1,13.092203
99.95,1,13.092663
99.95,1,13.09312
99.95,1,13.093561
99.95,1,13.094001
99.95,1,13.094462
99.95,1,13.094909
99.95,1,13.095367
99.95,1,13.095808
99.95,1,13.096265
99.95,1,13.096712
99.95,1,13.097153
99.95,1,13.097617
99.95,1,13.09806
99.95,1,13.098517
99.95,1,13.098959
99.95,1,13.09942
99.95,1,13.09986
99.95,1,13.100311
99.95,1,13.100762
99.95,1,13.101209
99.95,1,13.101805
99.95,1,13.102281
99.95,1,13.102746
99.95,1,13.103187
99.95,1,13.103646
99.95,1,13.104091
99.95,1,13.104542
99.95,1,13.105038
99.95,1,13.105491
99.95,1,13.105954
99.95,1,13.106401
99.95,1,13.106873
99.95,1,13.107318
99.95,1,13.107775
99.95,1,13.108217
99.95,1,13.108667
99.95,1,13.109125
99.95,1,13.109566
99.95,1,13.110023
99.95,1,13.110465
99.95,1,13.110934
99.95,1,13.111431
99.95,1,13.111888
99.95,1,13.112331
99.95,1,13.11278
99.95,1,13.113238
99.95,1,13.113691
99.95,1,13.114147
99.95,1,13.114592
99.95,1,13.115057
99.95,1,13.115501
99.95,1,13.115942
99.95,1,13.116398
99.95,1,13.116845
99.95,1,13.11734
99.95,1,13.117782
99.95,1,13.11824
99.95,1,13.118683
99.95,1,13.119121
99.95,1,13.119583
99.95,1,13.120029
99.95,1,13.120485
99.95,1,13.120931
99.95,1,13.121391
99.95,1,13.121835
99.95,1,13.122275
99.95,1,13.122736
99.95,1,13.123179
99.95,1,13.12364
99.95,1,13.12408
99.95,1,13.124537
99.95,1,13.124979
99.95,1,13.125417
99.95,1,13.125874
99.95,1,13.126316
99.95,1,13.126776
99.95,1,13.127216
99.95,1,13.127672
99.95,1,13.128188
99.95,1,13.128648
99.95,1,13.129094
99.95,1,13.129534
99.95,1,13.12999
99.95,1,13.130435
99.95,1,13.130896
99.95,1,13.131335
99.95,1,13.13179
99.95,1,13.132232
99.95,1,13.132672
99.95,1,13.133223
99.95,1,13.133681
99.95,1,13.134198
99.95,1,13.13466
99.95,1,13.135139
99.95,1,13.135593
99.95,1,13.136068
99.95,1,13.136516
99.95,1,13.136964
99.95,1,13.137405
99.95,1,13.137853
99.95,1,13.138297
99.95,1,13.138752
99.95,1,13.139207
99.95,1,13.139651
99.95,1,13.140098
99.95,1,13.140558
99.95,1,13.141003
99.95,1,13.141445
99.95,1,13.141887
99.95,1,13.142333
99.95,1,13.14278
99.95,1,13.143222
99.95,1,13.143663
99.95,1,13.14411
99.95,1,13.144575
99.95,1,13.145024
99.95,1,13.145476
99.95,1,13.145931
99.95,1,13.146375
99.95,1,13.146823
99.95,1,13.147265
99.95,1,13.147705
99.95,1,13.148146
99.95,1,13.148595
99.95,1,13.149049
99.95,1,13.149493
99.95,1,13.149934
99.95,1,13.150373
99.95,1,13.150814
99.95,1,13.151265
99.95,1,13.151723
99.95,1,13.152168
99.95,1,13.152609
99.95,1,13.153053
99.95,1,13.153493
99.95,1,13.153938
99.95,1,13.154382
99.95,1,13.154827
99.95,1,13.155267
99.95,1,13.155721
99.95,1,13.156176
99.95,1,13.15662
99.95,1,13.157087
99.95,1,13.15753
99.95,1,13.157972
99.95,1,13.15841
99.95,1,13.158853
99.95,1,13.159296
99.95,1,13.15975
99.95,1,13.160213
99.95,1,13.160658
99.95,1,13.161109
99.95,1,13.161556
99.95,1,13.162
99.95,1,13.162457
99.95,1,13.162906
99.95,1,13.163365
99.95,1,13.163821
99.95,1,13.164262
99.95,1,13.164773
99.95,1,13.16523
99.95,1,13.165675
99.95,1,13.16612
99.95,1,13.166562
99.95,1,13.167007
99.95,1,13.167454
99.95,1,13.167897
99.95,1,13.168356
99.95,1,13.168814
99.95,1,13.169261
99.95,1,13.169703
99.95,1,13.170145
99.95,1,13.170586
99.95,1,13.171029
99.95,1,13.17147
99.95,1,13.171914
99.95,1,13.172358
99.95,1,13.172799
99.95,1,13.173242
99.95,1,13.1737
99.95,1,13.174157
99.95,1,13.17461
99.95,1,13.175067
99.95,1,13.175514
99.95,1,13.17596
99.95,1,13.176402
99.95,1,13.176843
99.95,1,13.177286
99.95,1,13.177726
99.95,1,13.17817
99.95,1,13.178613
99.95,1,13.179056
99.95,1,13.179538
99.95,1,13.179978
99.95,1,13.180416
99.95,1,13.180859
99.95,1,13.181314
99.95,1,13.18177
99.95,1,13.182213
99.95,1,13.182654
99.95,1,13.183109
99.95,1,13.183562
99.95,1,13.184006
99.95,1,13.184448
99.95,1,13.184893
99.95,1,13.185345
99.95,1,13.18579
99.95,1,13.186233
99.95,1,13.186675
99.95,1,13.18712
99.95,1,13.18756
99.95,1,13.188006
99.95,1,13.188447
99.95,1,13.188889
99.95,1,13.189333
99.95,1,13.189771
99.95,1,13.190222
99.95,1,13.19067
99.95,1,13.191181
99.95,1,13.191628
99.95,1,13.192073
99.95,1,13.192566
99.95,1,13.193015
99.95,1,13.193473
99.95,1,13.193926
99.95,1,13.194453
99.95,1,13.194898
99.95,1,13.195373
99.95,1,13.195818
99.95,1,13.196265
99.95,1,13.196714
99.95,1,13.19716
99.95,1,13.197604
99.95,1,13.198046
99.95,1,13.198487
99.95,1,13.198934
99.95,1,13.199379
99.95,1,13.199819
99.95,1,13.200258
99.95,1,13.200713
99.95,1,13.201174
99.95,1,13.201616
99.95,1,13.202059
99.95,1,13.202504
99.95,1,13.202945
99.95,1,13.203387
99.95,1,13.203828
99.95,1,13.20427
99.95,1,13.204713
99.95,1,13.205158
99.95,1,13.377718
99.95,1,13.378389
99.95,1,13.378924
99.95,1,13.379514
99.95,1,13.380137
99.95,1,13.380825
99.95,1,13.381452
99.95,1,13.382042
99.95,1,13.382588
99.95,1,13.383075
99.95,1,13.383561
99.95,1,13.384062
99.95,1,13.384551
99.95,1,13.385028
99.95,1,13.385659
99.95,1,13.386139
99.95,1,13.386663
99.95,1,13.387157
99.95,1,13.387659
99.95,1,13.388167
99.95,1,13.388669
99.95,1,13.389153
99.95,1,13.38963
99.95,1,13.390104
99.95,1,13.390579
99.95,1,13.391054
99.95,1,13.391531
99.95,1,13.391997
99.95,1,13.392509
99.95,1,13.392992
99.95,1,13.393445
99.95,1,13.393903
99.95,1,13.394361
99.95,1,13.394968
99.95,1,13.395897
99.95,1,13.396418
99.95,1,13.396981
99.95,1,13.397533
99.95,1,13.398007
99.95,1,13.39847
99.95,1,13.398946
99.95,1,13.399405
99.95,1,13.399857
99.95,1,13.400314
99.95,1,13.400773
99.95,1,13.40124
99.95,1,13.401706
99.95,1,13.402223
99.95,1,13.402683
99.95,1,13.403148
99.95,1,13.403599
99.95,1,13.404075
99.95,1,13.404543
99.95,1,13.405051
99.95,1,13.405532
99.95,1,13.406019
99.95,1,13.406493
99.95,1,13.406966
99.95,1,13.407446
99.95,1,13.407913
99.95,1,13.408387
99.95,1,13.408841
99.95,1,13.409307
99.95,1,13.409757
99.95,1,13.410326
99.95,1,13.410814
99.95,1,13.411322
99.95,1,13.411783
99.95,1,13.41227
99.95,1,13.41273
99.95,1,13.413218
99.95,1,13.413679
99.95,1,13.414146
99.95,1,13.414604
99.95,1,13.415057
99.95,1,13.415506
99.95,1,13.415956
99.95,1,13.41641
99.95,1,13.41686
99.95,1,13.417316
99.95,1,13.41778
99.95,1,13.418255
99.95,1,13.41873
99.95,1,13.419194
99.95,1,13.419668
99.95,1,13.420138
99.95,1,13.420603
99.95,1,13.421052
99.95,1,13.421513
99.95,1,13.421987
99.95,1,13.422443
99.95,1,13.422894
99.95,1,13.423345
99.95,1,13.423808
99.95,1,13.424281
99.95,1,13.42473
99.95,1,13.425192
99.95,1,13.425654
99.95,1,13.426164
99.95,1,13.426622
99.95,1,13.427073
99.95,1,13.427524
99.95,1,13.427974
99.95,1,13.428434
99.95,1,13.428886
99.95,1,13.429337
99.95,1,13.429787
99.95,1,13.430241
99.95,1,13.430698
99.95,1,13.431162
99.95,1,13.431626
99.95,1,13.432078
99.95,1,13.432538
99.95,1,13.433002
99.95,1,13.433456
99.95,1,13.433906
99.95,1,13.434384
99.95,1,13.43485
99.95,1,13.435308
99.95,1,13.435762
99.95,1,13.436229
99.95,1,13.436692
99.95,1,13.437144
99.95,1,13.4376
99.95,1,13.438066
99.95,1,13.438526
99.95,1,13.438989
99.95,1,13.439447
99.95,1,13.439906
99.95,1,13.44038
99.95,1,13.440861
99.95,1,13.441325
99.95,1,13.441856
99.95,1,13.44234
99.95,1,13.442805
99.95,1,13.443254
99.95,1,13.44372
99.95,1,13.444183
99.95,1,13.44465
99.95,1,13.445123
99.95,1,13.445585
99.95,1,13.446039
99.95,1,13.446499
99.95,1,13.44695
99.95,1,13.4474
99.95,1,13.447848
99.95,1,13.448301
99.95,1,13.448752
99.95,1,13.449205
99.95,1,13.449667
99.95,1,13.450135
99.95,1,13.450584
99.95,1,13.451033
99.95,1,13.451485
99.95,1,13.451935
99.95,1,13.452398
99.95,1,13.452861
99.95,1,13.453321
99.95,1,13.453785
99.95,1,13.454245
99.95,1,13.454696
99.95,1,13.455145
99.95,1,13.455592
99.95,1,13.45604
99.95,1,13.456515
99.95,1,13.456965
99.95,1,13.457425
99.95,1,13.457916
99.95,1,13.458381
99.95,1,13.458845
99.95,1,13.45931
99.95,1,13.459773
99.95,1,13.460224
99.95,1,13.460674
99.95,1,13.461122
99.95,1,13.461585
99.95,1,13.462047
99.95,1,13.462505
99.95,1,13.46298
99.95,1,13.463432
99.95,1,13.463882
99.95,1,13.464333
99.95,1,13.464786
99.95,1,13.465257
99.95,1,13.465707
99.95,1,13.466155
99.95,1,13.466607
99.95,1,13.467064
99.95,1,13.467525
99.95,1,13.467992
99.95,1,13.468449
99.95,1,13.468898
99.95,1,13.469361
99.95,1,13.469828
99.95,1,13.470283
99.95,1,13.470731
99.95,1,13.471185
99.95,1,13.471635
99.95,1,13.472097
99.95,1,13.47257
99.95,1,13.47302
99.95,1,13.47353
99.95,1,13.473982
99.95,1,13.474438
99.95,1,13.474889
99.95,1,13.475339
99.95,1,13.475799
99.95,1,13.476262
99.95,1,13.476711
99.95,1,13.477167
99.95,1,13.477628
99.95,1,13.478092
99.95,1,13.478545
99.95,1,13.479012
99.95,1,13.479478
99.95,1,13.479928
99.95,1,13.480384
99.95,1,13.480837
99.95,1,13.481287
99.95,1,13.481736
99.95,1,13.482183
99.95,1,13.482653
99.95,1,13.483121
99.95,1,13.483572
99.95,1,13.484032
99.95,1,13.484499
99.95,1,13.484965
99.95,1,13.485422
99.95,1,13.485879
99.95,1,13.486346
99.95,1,13.486815
99.95,1,13.487286
99.95,1,13.487737
99.95,1,13.488228
99.95,1,13.48868
99.95,1,13.489145
99.95,1,13.489613
99.95,1,13.490063
99.95,1,13.490532
99.95,1,13.490989
